mean_silence_duration,variance_silence_duration,mean_activity_duration,variance_activity_duration,60_percentile_activity_duration,90_percentile_activity_duration,tcp_upload_bytes_std_dev,tcp_download_bytes_std_dev,udp_upload_bytes_std_dev,udp_download_bytes_std_dev,tcp_upload_bytes_mean,tcp_download_bytes_mean,udp_upload_bytes_mean,udp_download_bytes_mean,95_percentile_upload_bytes,98_percentile_upload_bytes,95_percentile_download_bytes,98_percentile_download_bytes,bytes_mean,bytes_std_dev,packets_mean,packets_std_dev
10.750,181.854,1.750,2.021,1.000,3.000,502.234,1666.098,2734.795,59512.528,61.097,169.090,532.823,4650.107,2802.950,7779.440,1786.300,16859.980,5413.117,61592.687,6.617,60.384
8.643,129.658,2.071,4.138,1.200,3.900,779.688,2472.858,2736.827,59527.498,164.517,453.960,544.167,4764.583,3774.200,7779.440,9972.600,18479.860,5927.227,61627.144,7.683,60.528
6.875,116.859,2.581,11.663,2.000,6.000,735078.500,62105.393,2789.125,68120.335,93800.557,6272.377,579.703,6698.053,6170.650,586955.560,17689.900,39229.800,107350.690,766860.572,31.907,186.307
6.938,117.871,2.438,10.871,2.000,3.000,735071.486,64534.700,2866.024,113162.036,93857.610,7317.787,528.697,11728.603,7914.550,586955.560,17777.200,208368.040,113432.697,771679.071,37.607,204.615
5.889,89.432,2.444,9.969,2.000,4.000,735064.515,64531.830,2864.698,113162.510,93913.590,7346.267,521.617,11723.727,7914.550,586955.560,17777.200,208368.040,113505.200,771668.678,37.960,204.563
5.150,51.828,2.410,9.370,2.000,4.200,735063.709,64530.159,2864.698,113162.510,93919.910,7361.787,521.617,11723.727,7914.550,586955.560,17777.200,208368.040,113527.040,771665.482,38.160,204.531
4.455,35.430,2.419,8.708,2.000,4.800,735062.623,64528.014,2864.698,113162.510,93928.427,7381.927,521.617,11723.727,7914.550,586955.560,17777.200,208368.040,113555.697,771661.290,38.393,204.492
4.311,32.481,2.409,8.514,2.000,4.700,735062.383,64527.870,2864.698,113162.510,93930.307,7383.197,521.617,11723.727,7914.550,586955.560,17777.200,208368.040,113558.847,771660.827,38.463,204.481
4.152,26.651,2.370,8.190,2.000,4.500,771408.268,64529.639,2864.698,113162.510,107781.293,7457.877,521.617,11723.727,10208.800,1097818.480,18045.750,208368.040,127484.513,806351.703,41.500,210.405
4.535,32.016,2.442,8.665,2.000,4.800,771410.026,64531.333,2858.671,113163.280,107768.507,7408.120,509.040,11715.400,10208.800,1097818.480,18045.750,208368.040,127401.067,806364.278,41.273,210.433
5.526,45.355,2.368,9.443,2.000,4.300,771415.471,64525.114,1041.421,96605.189,107728.543,7307.877,96.600,7296.413,4536.250,1097818.480,13283.550,29263.540,122429.433,804768.059,35.777,202.591
6.054,67.619,2.054,8.159,1.000,3.400,771429.548,64529.241,1031.160,96598.966,107625.933,7025.460,85.257,7181.937,4288.850,1097818.480,9661.650,23774.560,121918.587,804839.350,34.753,202.689
7.485,91.341,1.656,1.226,1.000,2.900,239484.582,17939.439,859.739,90754.473,13989.760,1206.237,49.720,5248.467,414.050,2662.600,839.750,1709.440,20494.183,257767.799,10.520,100.869
8.161,91.490,1.567,1.312,1.000,3.100,239486.870,1183.250,525.377,349.175,13936.540,162.027,30.383,20.193,302.450,864.620,612.300,1282.660,14149.143,240625.582,4.460,51.955
8.533,91.316,1.467,1.116,1.000,2.100,239489.282,1168.689,863.710,4104.824,13885.723,140.847,128.010,365.740,369.600,2743.540,839.750,1871.400,14520.320,240647.213,4.827,52.316
8.828,99.039,1.517,1.077,1.000,2.000,239489.542,1165.306,902.008,4107.403,13881.157,132.817,149.850,377.693,288.850,3972.460,698.150,2577.200,14541.517,240646.352,4.807,52.324
9.778,96.173,1.385,0.698,1.000,2.000,239490.024,1159.342,1313.148,4781.945,13872.737,115.633,218.850,571.960,214.600,4586.260,698.150,3542.400,14779.180,240653.594,5.017,52.553
8.323,79.509,1.400,0.640,1.000,2.000,239490.015,1159.712,1359.905,4781.855,13872.877,120.357,261.337,585.210,2317.450,4725.420,762.000,3542.400,14839.780,240650.421,5.157,52.550
7.176,76.145,1.697,2.211,1.000,2.000,120.946,1668.532,3001.186,24870.924,31.390,162.653,549.850,2272.153,2794.100,6898.160,1327.100,20692.520,3016.047,27790.683,4.907,33.312
6.158,61.186,1.737,2.247,1.000,2.900,121.425,1668.352,3006.355,24869.683,35.367,175.670,583.923,2292.940,2794.100,6898.160,1530.150,20692.520,3087.900,27786.723,5.193,33.297
5.561,37.417,1.800,2.860,1.000,2.300,120.480,1667.842,3007.346,24869.505,36.120,182.130,590.750,2295.200,2794.100,6898.160,1530.150,20692.520,3104.200,27785.395,5.257,33.282
4.867,29.493,1.800,2.604,1.000,2.600,120.857,1667.645,3010.224,24868.969,39.330,192.143,611.227,2302.007,2794.100,6898.160,1530.150,20692.520,3144.707,27782.709,5.457,33.271
4.180,14.828,1.784,2.561,1.000,3.000,121.578,1667.984,3011.121,24868.614,42.950,205.837,617.987,2310.133,2794.100,6898.160,1670.300,20692.520,3176.907,27780.531,5.677,33.257
3.868,12.567,1.792,2.466,1.000,2.800,104.399,1666.990,2970.948,24868.022,41.527,214.123,587.603,2289.940,2714.100,4980.880,1530.150,20692.520,3133.193,27767.490,5.643,33.175
3.561,11.544,1.732,2.160,1.000,2.000,79.615,1665.368,2906.251,24556.479,39.973,217.707,489.977,1944.393,2168.150,4140.940,1098.600,2611.500,2692.050,27424.344,5.083,32.567
3.424,7.193,1.661,2.088,1.000,2.000,79.971,1665.918,2897.159,24556.810,41.040,224.860,468.137,1932.440,2129.950,4140.940,1004.800,2447.000,2666.477,27422.898,5.053,32.541
3.000,4.769,1.641,1.949,1.000,2.000,80.190,1665.099,2741.750,24445.230,44.963,236.933,399.137,1738.173,2087.050,2836.220,830.700,1667.720,2419.207,27254.141,4.803,32.157
3.143,5.805,1.619,1.982,1.000,2.000,79.819,1665.809,2721.014,24445.873,45.040,243.050,356.650,1724.923,2068.950,2191.960,828.100,1667.720,2369.663,27253.738,4.720,32.152
3.219,6.265,1.446,1.139,1.000,2.000,46.053,175.454,366.963,240.149,39.330,139.260,68.137,37.980,163.550,2087.000,665.750,1053.860,284.707,637.327,2.120,2.504
3.281,6.733,1.406,0.522,1.000,2.000,45.313,176.148,261.647,160.258,37.463,133.223,34.063,17.193,123.550,204.020,524.050,806.080,221.943,472.462,1.940,2.364
3.281,7.265,1.385,0.483,1.000,2.000,46.491,177.227,234.301,155.637,38.187,133.210,27.237,14.933,134.000,174.580,531.600,806.080,213.567,447.657,1.947,2.363
3.650,9.327,1.373,0.471,1.000,2.000,44.388,175.624,116.891,140.523,36.263,131.483,6.760,8.127,120.150,163.220,505.300,665.300,182.633,333.914,1.817,2.161
3.729,10.096,1.356,0.365,1.000,2.000,42.239,169.072,220.180,91.934,35.730,130.077,12.733,5.317,120.150,163.000,491.700,583.600,183.857,363.539,1.803,2.143
3.574,9.949,1.344,0.390,1.000,2.000,43.660,171.079,272.332,129.611,36.007,128.633,22.280,12.427,123.550,163.220,523.050,682.520,199.347,427.107,1.860,2.263
4.055,12.561,1.375,0.413,1.000,2.000,43.096,170.716,474.361,174.542,34.443,123.903,45.053,22.030,134.000,174.000,531.600,810.140,225.430,640.622,1.840,2.418
4.185,14.929,1.370,0.418,1.000,2.000,41.918,159.001,474.361,174.542,33.330,116.070,45.053,22.030,123.550,163.220,513.500,806.220,216.483,637.553,1.787,2.375
4.451,16.404,1.460,0.528,1.000,2.100,517006.320,2165.441,474.361,174.542,33355.437,266.980,45.053,22.030,144.800,176.400,531.600,1518.560,33689.500,519149.641,6.957,78.270
4.412,16.321,1.500,0.650,1.000,3.000,517006.145,2164.895,474.361,174.542,33358.160,270.173,45.053,22.030,160.150,241.080,531.600,1518.560,33695.417,519149.259,7.080,78.266
4.957,17.129,1.532,0.675,1.000,3.000,517006.243,2165.106,474.361,174.542,33356.637,266.620,45.053,22.030,160.000,241.080,531.600,1518.560,33690.340,519149.586,7.017,78.270
4.787,15.699,1.630,0.842,1.000,3.000,517006.174,2164.846,562.524,239.956,33357.703,271.287,62.690,31.627,160.150,344.780,543.100,1595.040,33723.307,519147.683,7.127,78.272
4.787,15.955,1.630,0.842,1.000,3.000,517006.106,2164.645,562.524,239.956,33358.770,274.803,62.690,31.627,160.000,344.780,547.050,1595.040,33727.890,519147.387,7.183,78.269
4.360,13.190,1.640,0.830,1.400,3.000,517005.956,2164.718,562.524,239.956,33361.093,279.827,62.690,31.627,163.000,344.780,586.450,1595.040,33735.237,519146.916,7.297,78.265
4.551,14.084,1.571,0.694,1.000,3.000,517006.028,2164.851,518.871,222.277,33359.970,277.610,49.957,26.310,160.150,241.080,586.450,1518.600,33713.847,519148.210,7.213,78.266
4.708,12.082,1.574,0.713,1.000,3.000,517006.080,2164.872,494.034,203.118,33359.170,275.167,40.410,19.200,160.000,240.000,502.650,1060.320,33693.947,519149.447,7.130,78.269
4.851,18.765,1.532,0.717,1.000,3.000,517006.062,2164.807,304.966,165.942,33359.447,274.830,17.637,9.597,134.500,214.520,433.000,714.040,33661.510,519151.318,7.073,78.267
5.419,40.104,1.595,0.765,1.000,3.000,517006.163,2165.202,304.966,165.942,33357.883,269.213,17.637,9.597,134.500,214.520,433.000,714.040,33654.330,519151.781,6.980,78.273
6.000,44.200,1.500,0.700,1.000,3.000,43.816,157.484,304.966,165.942,32.930,109.180,17.637,9.597,123.000,163.220,416.050,597.240,169.343,522.774,1.677,2.484
5.667,43.032,1.512,0.689,1.000,3.000,41.264,148.479,304.966,165.942,31.597,104.647,17.637,9.597,120.000,163.000,407.450,577.380,163.477,518.755,1.597,2.301
5.902,47.161,1.415,0.633,1.000,2.000,41.575,145.243,304.966,165.942,30.987,99.090,17.637,9.597,123.000,163.000,392.300,577.380,157.310,517.901,1.540,2.276
6.579,60.402,1.351,0.444,1.000,2.000,39.846,141.994,0.000,0.000,28.663,92.763,0.000,0.000,120.000,134.000,375.000,544.660,121.427,173.410,1.370,1.817
7.229,71.205,1.382,0.530,1.000,2.000,40.390,137.719,0.000,0.000,27.997,89.560,0.000,0.000,120.000,134.580,369.250,491.080,117.557,169.525,1.323,1.785
7.788,80.773,1.344,0.538,1.000,2.000,37.042,124.376,0.000,0.000,25.863,81.027,0.000,0.000,80.700,134.000,307.650,407.840,106.890,151.428,1.207,1.546
7.788,83.925,1.344,0.538,1.000,2.000,37.915,136.354,0.000,0.000,25.787,82.097,0.000,0.000,95.300,134.000,307.650,463.160,107.883,162.532,1.180,1.562
9.034,85.137,1.357,0.587,1.000,2.300,35.416,131.146,0.000,0.000,23.997,77.180,0.000,0.000,80.150,134.000,297.200,449.280,101.177,156.073,1.113,1.499
8.125,68.484,1.290,0.529,1.000,2.000,35.745,135.383,0.000,0.000,23.730,77.120,0.000,0.000,80.150,134.000,307.500,463.160,100.850,160.525,1.100,1.524
7.083,49.465,1.250,0.465,1.000,2.000,36.872,137.331,0.000,0.000,24.807,80.410,0.000,0.000,84.850,134.000,307.500,463.160,105.217,163.386,1.150,1.564
7.111,48.932,1.257,0.477,1.000,2.000,36.862,130.888,0.000,0.000,24.177,76.803,0.000,0.000,83.550,134.000,317.050,449.280,100.980,157.107,1.110,1.557
6.789,46.008,1.135,0.225,1.000,1.000,398394.268,2074.835,0.000,0.000,23063.143,203.807,0.000,0.000,120.000,134.000,359.400,473.920,23266.950,400460.077,5.957,84.105
6.350,43.877,1.179,0.250,1.000,2.000,398394.171,2074.892,0.000,0.000,23064.823,210.287,0.000,0.000,120.000,134.000,378.550,618.020,23275.110,400459.608,6.030,84.101
5.370,28.059,1.178,0.235,1.000,2.000,398394.045,2074.679,0.000,0.000,23067.013,216.197,0.000,0.000,123.000,134.000,378.350,618.020,23283.210,400459.141,6.127,84.097
5.556,20.291,1.136,0.163,1.000,1.700,398394.171,2074.921,0.000,0.000,23064.823,211.957,0.000,0.000,120.000,134.000,378.350,618.020,23276.780,400459.512,6.033,84.101
5.600,22.996,1.091,0.083,1.000,1.000,398394.171,2075.006,0.000,0.000,23064.823,214.233,0.000,0.000,120.000,134.000,389.600,618.020,23279.057,400459.382,6.033,84.101
5.556,21.536,1.136,0.163,1.000,1.700,398394.140,2074.144,0.000,0.000,23065.357,211.510,0.000,0.000,120.150,134.000,376.100,458.540,23276.867,400459.503,6.057,84.100
5.591,22.924,1.227,0.494,1.000,2.000,785230.573,3360.229,0.000,0.000,93794.670,493.293,0.000,0.000,123.000,183.500,410.150,791.980,94287.963,788438.342,16.347,128.862
5.568,24.518,1.250,0.506,1.000,2.000,785230.554,3361.063,260.546,96.307,93794.827,500.317,15.307,7.283,123.550,727.220,440.450,1943.480,94317.733,788434.874,16.427,128.857
5.356,23.696,1.341,0.679,1.000,2.000,785230.363,3360.583,260.546,96.307,93796.427,505.543,15.307,7.283,134.000,727.220,449.450,1943.480,94324.560,788434.060,16.510,128.848
5.222,28.840,1.413,0.808,1.000,2.000,785230.250,3360.340,1170.953,650.886,93797.370,507.750,96.423,65.193,144.000,5129.980,583.700,5341.280,94466.737,788418.716,16.790,128.848
5.488,29.599,1.455,0.839,1.000,2.000,679064.071,2661.334,1170.953,650.886,70757.193,380.953,96.423,65.193,134.500,4565.620,489.500,2379.060,71299.763,681567.893,11.887,98.167
5.535,31.458,1.476,0.916,1.000,2.900,679064.181,2661.524,1170.953,650.886,70756.133,378.413,96.423,65.193,144.800,4565.620,501.950,2379.060,71296.163,681568.268,11.863,98.170
6.025,32.274,1.513,0.968,1.000,3.000,679064.223,2661.690,1170.953,650.886,70755.733,375.857,96.423,65.193,160.150,4565.620,501.950,2379.060,71293.207,681568.577,11.840,98.172
5.341,30.497,1.512,0.901,1.000,2.800,750895.862,3009.626,1170.953,650.886,89531.513,471.017,96.423,65.193,174.000,5129.980,583.700,5341.280,90164.147,753752.689,16.110,120.915
5.488,30.250,1.524,0.916,1.000,2.900,750895.948,3009.863,1170.953,650.886,89530.790,468.490,96.423,65.193,174.000,5129.980,583.700,5341.280,90160.897,753753.076,16.087,120.918
4.957,27.402,1.457,0.813,1.000,2.000,750895.789,3009.549,1170.953,650.886,89532.123,474.227,96.423,65.193,174.000,5129.980,599.100,5341.280,90167.967,753752.234,16.153,120.910
4.283,21.863,1.377,0.499,1.000,2.000,324610.827,1434.190,1170.953,650.886,18807.133,205.997,96.423,65.193,163.000,203.000,558.850,1710.520,19174.747,326020.575,6.063,71.282
4.185,20.225,1.370,0.492,1.000,2.000,324610.790,1430.607,1142.685,644.377,18807.767,202.953,81.117,57.910,160.150,200.060,480.950,826.020,19149.747,326021.823,6.033,71.277
4.462,21.249,1.333,0.379,1.000,2.000,324610.831,1430.434,1142.685,644.377,18807.053,201.577,81.117,57.910,160.000,184.320,480.950,826.020,19147.657,326021.942,6.000,71.277
4.385,19.044,1.412,0.556,1.000,2.000,448138.997,2021.253,0.000,0.000,36740.590,301.003,0.000,0.000,134.500,174.000,499.600,826.020,37041.593,450143.787,9.157,90.514
4.346,19.149,1.423,0.513,1.000,2.000,448138.887,2020.680,0.000,0.000,36741.933,303.717,0.000,0.000,134.500,174.000,454.200,826.020,37045.650,450143.453,9.220,90.509
4.185,16.410,1.396,0.503,1.000,2.000,448138.830,2020.787,0.000,0.000,36742.637,308.343,0.000,0.000,134.000,174.000,454.050,827.180,37050.980,450143.018,9.243,90.506
4.109,16.970,1.370,0.492,1.000,2.000,448138.932,2021.545,0.000,0.000,36741.390,308.317,0.000,0.000,123.000,174.000,460.650,838.180,37049.707,450143.126,9.203,90.510
4.404,20.510,1.392,0.513,1.000,2.000,310047.908,1443.163,0.000,0.000,17967.533,216.360,0.000,0.000,120.000,134.200,455.150,750.560,18183.893,311474.913,5.023,56.128
4.346,20.496,1.451,0.561,1.000,2.000,310047.866,1444.212,0.000,0.000,17968.257,219.757,0.000,0.000,123.000,134.200,474.900,836.720,18188.013,311474.681,5.057,56.128
5.178,28.102,1.489,0.605,1.000,2.000,310048.039,1444.216,0.000,0.000,17965.267,209.053,0.000,0.000,120.000,134.000,455.900,836.720,18174.320,311475.470,4.920,56.135
5.409,28.060,1.442,0.619,1.000,2.000,310048.124,1444.297,0.000,0.000,17963.800,204.113,0.000,0.000,120.150,134.200,452.150,836.720,18167.913,311475.840,4.847,56.140
5.386,28.237,1.432,0.609,1.000,2.000,310048.069,1444.099,0.000,0.000,17964.743,205.397,0.000,0.000,120.150,134.200,452.150,836.720,18170.140,311475.711,4.880,56.138
4.854,21.333,1.426,0.585,1.000,2.000,310048.021,1444.221,0.000,0.000,17965.580,206.517,0.000,0.000,123.000,144.320,452.150,836.720,18172.097,311475.599,4.933,56.138
5.000,23.125,1.277,0.243,1.000,2.000,40.978,167.441,0.000,0.000,32.663,112.667,0.000,0.000,120.000,134.000,418.650,660.080,145.330,199.665,1.583,2.027
5.196,25.157,1.356,0.718,1.000,2.000,42.437,173.084,0.000,0.000,33.197,114.600,0.000,0.000,120.000,134.520,455.850,660.080,147.797,207.569,1.613,2.102
5.000,24.766,1.383,0.747,1.000,2.000,43.958,167.598,0.000,0.000,33.740,113.137,0.000,0.000,120.150,160.280,472.050,645.300,146.877,204.287,1.640,2.155
4.854,20.958,1.426,0.798,1.000,2.000,43.655,159.771,0.000,0.000,34.843,113.870,0.000,0.000,120.150,160.280,452.050,551.080,148.713,196.136,1.677,2.118
4.385,16.121,1.412,0.791,1.000,2.000,42.704,159.104,0.000,0.000,35.463,116.647,0.000,0.000,120.000,134.520,452.050,551.080,152.110,194.487,1.713,2.059
4.167,12.102,1.415,0.847,1.000,2.000,43.278,156.235,0.000,0.000,36.930,123.083,0.000,0.000,120.000,160.060,484.100,576.440,160.013,192.896,1.783,2.055
3.600,8.273,1.424,0.820,1.000,2.200,45.249,160.701,0.000,0.000,40.320,132.567,0.000,0.000,123.000,163.220,486.100,598.120,172.887,198.671,1.943,2.151
3.893,10.167,1.439,0.843,1.000,2.400,44.365,170.178,0.000,0.000,39.463,132.100,0.000,0.000,120.150,163.000,486.100,604.360,171.563,207.264,1.917,2.172
3.789,10.131,1.500,0.929,1.000,3.000,57.257,315.462,258.670,137.252,41.623,153.883,21.390,9.877,134.000,200.000,498.100,664.060,226.773,621.491,2.030,2.649
3.786,12.061,1.544,0.950,1.000,3.000,57.296,315.943,258.670,137.252,41.500,156.220,21.390,9.877,134.000,200.000,498.100,645.440,228.987,621.544,2.013,2.613
3.500,8.750,1.525,0.927,1.000,3.000,57.510,315.311,258.670,137.252,42.337,156.747,21.390,9.877,134.000,200.000,498.100,645.440,230.350,621.199,2.047,2.617
3.317,8.312,1.422,0.556,1.000,3.000,56.575,373.824,258.670,137.252,42.423,172.807,21.390,9.877,134.000,163.740,550.800,694.160,246.497,651.792,2.067,2.579
3.286,8.649,1.500,0.637,1.000,3.000,56.779,374.025,258.670,137.252,43.623,176.473,21.390,9.877,134.000,174.520,566.500,694.160,251.363,651.674,2.127,2.585
3.459,8.773,1.459,0.609,1.000,3.000,56.935,372.649,258.670,137.252,43.900,176.457,21.390,9.877,134.000,174.520,501.400,694.160,251.623,650.661,2.140,2.573
3.387,8.947,1.475,0.577,1.000,2.000,194.878,774.808,1110.380,721.973,55.460,241.740,97.373,57.697,163.000,210.140,608.850,1228.920,452.270,2516.744,2.487,4.044
3.234,8.804,1.476,0.503,1.000,2.000,194.647,773.839,1110.380,721.973,56.260,245.587,97.373,57.697,135.450,210.140,593.750,1228.920,456.917,2516.012,2.517,4.017
3.215,8.877,1.422,0.463,1.000,2.000,194.429,774.585,1110.380,721.973,55.193,245.773,97.373,57.697,134.000,210.140,608.850,1228.920,456.037,2516.221,2.460,3.982
2.855,7.428,1.515,0.514,1.200,2.300,194.505,773.922,1150.231,739.385,57.783,253.630,115.060,67.117,135.300,614.400,654.450,2365.940,493.590,2556.368,2.643,4.128
2.843,5.647,1.464,0.452,1.000,2.000,191.312,730.601,1122.555,727.312,55.333,237.017,93.670,57.240,130.200,174.340,625.500,834.760,443.260,2494.166,2.533,3.861
2.841,5.960,1.507,0.598,1.000,2.000,191.492,731.991,1122.555,727.312,57.467,243.863,93.670,57.240,134.000,191.180,654.450,922.720,452.240,2494.178,2.657,3.927
2.786,5.397,1.500,0.593,1.000,2.000,191.767,732.144,1122.555,727.312,58.410,246.070,93.670,57.240,160.000,191.180,654.450,922.720,455.390,2494.069,2.703,3.954
2.729,5.312,1.580,0.678,2.000,2.200,191.874,705.152,1122.555,727.312,58.447,230.660,93.670,57.240,160.000,191.180,625.500,801.440,440.017,2487.244,2.703,3.969
2.812,6.095,1.536,0.625,1.000,2.200,191.611,705.050,1122.555,727.312,57.467,229.873,93.670,57.240,160.000,174.340,625.500,801.440,438.250,2487.258,2.663,3.947
2.729,6.483,1.580,0.707,1.800,3.000,191.863,705.655,1122.555,727.312,57.467,228.423,93.670,57.240,160.000,174.340,625.500,801.440,436.800,2487.632,2.663,3.975
2.896,8.691,1.582,0.751,1.000,3.000,47.835,188.881,305.831,162.887,45.820,161.297,17.687,9.420,160.000,174.000,590.050,722.800,234.223,523.017,2.300,2.540
3.030,8.575,1.538,0.741,1.000,3.000,47.165,184.090,305.831,162.887,44.297,152.363,17.687,9.420,160.000,174.000,561.150,722.800,223.767,521.479,2.247,2.535
3.367,10.399,1.607,0.796,1.000,3.000,47.179,179.807,305.831,162.887,44.563,151.713,17.687,9.420,160.000,174.000,527.750,719.060,223.383,519.864,2.260,2.528
3.909,13.319,1.545,0.793,1.000,3.000,45.770,168.495,0.000,0.000,42.030,141.027,0.000,0.000,135.300,163.220,481.950,635.280,183.057,204.509,2.053,2.164
4.056,15.164,1.528,0.815,1.000,3.000,46.375,161.096,0.000,0.000,41.120,130.943,0.000,0.000,160.000,163.220,459.550,611.340,172.063,198.481,1.993,2.176
4.283,16.203,1.377,0.575,1.000,2.000,43.334,146.781,0.000,0.000,38.530,122.590,0.000,0.000,123.550,163.000,457.050,564.680,161.120,181.307,1.860,1.970
4.471,16.602,1.412,0.595,1.000,2.000,43.990,224.636,0.000,0.000,38.130,129.373,0.000,0.000,123.550,163.220,470.400,611.340,167.503,255.456,1.843,2.031
5.085,18.120,1.298,0.464,1.000,2.000,43.138,221.121,0.000,0.000,35.873,119.123,0.000,0.000,123.550,163.000,403.850,611.340,154.997,250.834,1.710,1.956
5.149,22.552,1.234,0.264,1.000,2.000,42.990,217.805,0.000,0.000,34.443,112.033,0.000,0.000,123.550,163.000,367.800,607.080,146.477,247.438,1.633,1.941
5.213,19.785,1.196,0.244,1.000,2.000,41.501,216.934,0.000,0.000,33.463,110.787,0.000,0.000,123.000,160.060,356.400,607.080,144.250,245.677,1.590,1.886
5.413,21.199,1.133,0.160,1.000,1.600,38.577,214.035,0.000,0.000,32.530,111.013,0.000,0.000,123.000,134.520,356.300,566.640,143.543,239.663,1.540,1.733
5.682,24.126,1.136,0.163,1.000,1.700,39.452,213.210,0.000,0.000,31.520,105.257,0.000,0.000,123.000,134.520,356.300,566.640,136.777,238.864,1.467,1.721
5.705,25.754,1.140,0.167,1.000,1.800,38.221,211.495,0.000,0.000,30.797,105.837,0.000,0.000,123.000,134.000,356.050,460.120,136.633,236.634,1.447,1.693
5.682,26.035,1.163,0.183,1.000,2.000,38.793,211.455,0.000,0.000,30.263,104.883,0.000,0.000,123.000,134.520,356.050,458.480,135.147,237.189,1.430,1.734
5.744,29.725,1.262,0.384,1.000,2.000,38.573,212.354,257.434,101.595,30.530,107.277,15.127,7.607,123.000,134.520,378.150,564.040,160.540,419.524,1.503,1.936
5.744,30.376,1.262,0.384,1.000,2.000,39.649,212.027,257.434,101.595,30.320,105.573,15.127,7.607,123.000,160.060,378.150,566.080,158.627,419.501,1.477,1.940
5.523,30.295,1.326,0.545,1.000,2.000,36.013,125.683,892.796,8184.804,27.463,93.270,147.053,705.910,134.000,4476.340,449.200,821.820,973.697,8755.732,2.447,10.664
5.738,29.431,1.439,0.734,1.000,2.000,36.047,126.762,892.796,8184.804,27.997,96.690,147.053,705.910,134.000,4476.340,453.150,821.820,977.650,8755.366,2.480,10.661
5.690,33.833,1.452,0.724,1.000,2.000,36.187,127.949,1182.544,79212.541,27.473,95.303,222.813,5283.890,135.450,4990.500,474.400,1813.480,5629.480,79961.052,6.830,74.179
5.386,33.055,1.465,0.714,1.000,2.000,36.727,129.257,1182.544,79212.541,27.510,95.077,222.813,5283.890,135.450,4990.500,474.400,1813.480,5629.290,79961.069,6.830,74.179
5.386,33.555,1.465,0.714,1.000,2.000,36.463,124.670,1182.544,79212.541,26.663,89.743,222.813,5283.890,135.450,4990.500,474.400,1813.480,5623.110,79961.486,6.797,74.182
5.690,34.071,1.452,0.724,1.000,2.000,36.286,124.228,1182.544,79212.541,25.997,87.497,222.813,5283.890,135.450,4990.500,474.400,1813.480,5620.197,79961.686,6.763,74.184
5.762,33.943,1.415,0.682,1.000,2.000,36.574,123.781,1182.544,79212.541,25.120,81.703,222.813,5283.890,135.450,4990.500,486.400,1813.480,5613.527,79962.145,6.703,74.189
5.976,32.316,1.375,0.684,1.000,2.000,34.813,120.103,1182.544,79212.541,23.330,76.607,222.813,5283.890,134.000,4990.500,478.800,1813.480,5606.640,79962.610,6.623,74.193
5.744,30.190,1.262,0.479,1.000,2.000,35.406,122.132,1156.901,79212.983,23.597,78.173,207.687,5276.283,134.000,4990.500,470.100,1813.480,5585.740,79963.290,6.577,74.192
6.225,37.874,1.275,0.499,1.000,2.000,35.268,134.655,1156.901,79212.983,23.463,80.020,207.687,5276.283,134.000,4990.500,470.100,1813.480,5587.453,79963.195,6.570,74.192
6.946,43.889,1.194,0.323,1.000,2.000,36.318,130.834,789.688,78829.556,24.853,78.883,75.760,4577.980,123.000,134.580,344.050,620.200,4757.477,79531.444,5.527,73.502
6.842,35.028,1.081,0.075,1.000,1.000,35.456,131.294,789.688,78829.556,23.063,75.723,75.760,4577.980,123.000,134.580,344.050,620.200,4752.527,79531.735,5.447,73.507
7.000,34.270,1.139,0.175,1.000,1.500,35.023,128.338,733.572,10452.805,22.663,73.277,99.587,630.817,123.550,2102.060,397.150,763.640,826.343,10977.479,1.973,12.675
7.676,43.042,1.147,0.184,1.000,1.700,36.080,129.955,733.572,10452.805,23.073,75.040,99.587,630.817,134.000,2102.060,402.250,763.640,828.517,10977.366,1.990,12.681
7.222,41.451,1.143,0.180,1.000,1.600,36.175,133.023,733.572,10452.805,23.243,76.633,99.587,630.817,134.000,2102.060,445.500,763.640,830.280,10977.292,2.003,12.682
7.222,40.284,1.143,0.180,1.000,1.600,109.662,316.904,733.572,10452.805,28.603,95.677,99.587,630.817,134.000,2102.060,469.050,1138.140,854.683,10982.619,2.077,12.785
7.457,39.734,1.147,0.184,1.000,1.700,109.611,315.413,733.572,10452.805,27.927,93.090,99.587,630.817,134.000,2102.060,455.700,1138.140,851.420,10982.782,2.047,12.785
6.789,39.008,1.135,0.171,1.000,1.400,109.969,315.861,733.572,10452.805,29.183,94.720,99.587,630.817,134.000,2102.060,469.050,1138.140,854.307,10982.608,2.097,12.784
7.706,48.149,1.152,0.189,1.000,1.800,109.546,314.518,733.572,10452.805,27.003,87.547,99.587,630.817,134.000,2102.060,455.700,1138.140,844.953,10983.171,1.993,12.784
8.548,58.506,1.167,0.206,1.000,2.000,109.240,307.685,733.572,10452.805,24.993,77.693,99.587,630.817,134.000,2102.060,445.500,763.780,833.090,10983.737,1.897,12.785
8.548,59.151,1.167,0.206,1.000,2.000,109.442,308.496,733.572,10452.805,24.060,75.837,99.587,630.817,134.000,2102.060,445.500,763.780,830.300,10983.964,1.843,12.788
8.250,59.500,1.161,0.200,1.000,2.000,109.999,307.666,733.572,10452.805,25.317,77.073,99.587,630.817,134.000,2102.060,423.750,763.780,832.793,10983.790,1.890,12.790
8.375,54.734,1.032,0.031,1.000,1.000,109.914,308.290,0.000,0.000,26.070,81.880,0.000,0.000,84.850,160.060,320.350,438.620,107.950,414.925,1.007,2.246
8.061,51.511,1.030,0.029,1.000,1.000,109.661,308.990,0.000,0.000,26.327,84.087,0.000,0.000,80.150,134.580,320.350,438.620,110.413,415.646,1.020,2.212
7.765,51.239,1.059,0.055,1.000,1.000,110.189,310.200,0.000,0.000,27.403,87.180,0.000,0.000,120.000,163.000,348.200,444.600,114.583,417.444,1.060,2.258
6.763,47.339,1.132,0.114,1.000,2.000,39.799,131.065,0.000,0.000,25.243,81.970,0.000,0.000,120.000,163.000,370.250,491.160,107.213,163.890,1.153,1.680
6.000,41.333,1.171,0.142,1.000,2.000,40.296,136.977,0.000,0.000,26.673,87.793,0.000,0.000,120.000,163.000,390.400,499.720,114.467,169.564,1.230,1.718
6.122,33.863,1.195,0.157,1.000,2.000,39.743,140.827,0.000,0.000,27.197,93.513,0.000,0.000,120.000,163.000,407.550,503.640,120.710,173.001,1.267,1.715
5.591,27.651,1.256,0.237,1.000,2.000,40.486,149.202,336.165,119.615,29.910,104.667,20.150,9.760,120.150,163.220,444.400,582.220,164.487,483.871,1.470,2.147
5.283,18.072,1.239,0.225,1.000,2.000,40.407,150.276,336.165,119.615,31.340,110.113,20.150,9.760,120.150,163.220,452.750,582.220,171.363,483.792,1.547,2.153
4.878,14.026,1.271,0.239,1.000,2.000,40.300,152.116,336.165,119.615,33.197,117.387,20.150,9.760,120.150,163.000,452.750,582.980,180.493,483.814,1.647,2.161
5.043,14.977,1.340,0.267,1.000,2.000,41.032,164.814,336.165,119.615,33.730,120.597,20.150,9.760,123.000,163.220,467.350,680.380,184.237,488.882,1.687,2.247
4.796,13.428,1.354,0.270,1.000,2.000,41.946,164.829,336.165,119.615,34.577,121.120,20.150,9.760,123.000,174.000,467.350,680.380,185.607,489.088,1.720,2.265
4.700,13.450,1.327,0.261,1.000,2.000,41.297,162.325,336.165,119.615,34.540,118.887,20.150,9.760,123.000,163.220,452.750,680.380,183.337,487.877,1.723,2.263
4.620,13.596,1.380,0.356,1.000,2.000,41.309,196.958,336.165,119.615,35.597,133.660,20.150,9.760,123.000,174.000,499.200,784.540,199.167,499.984,1.803,2.296
4.529,12.955,1.380,0.356,1.000,2.000,41.935,197.289,336.165,119.615,35.063,130.673,20.150,9.760,123.000,174.000,498.250,784.540,195.647,500.700,1.777,2.309
4.451,13.346,1.431,0.481,1.000,2.000,41.979,194.933,1158.531,2703.578,35.243,129.270,164.027,274.557,135.300,3510.440,558.200,1703.240,603.097,3640.288,2.417,6.036
4.353,12.895,1.500,0.827,1.000,2.000,42.999,199.966,1311.425,3110.396,36.673,134.283,224.440,395.037,174.000,4838.940,730.800,1852.240,790.433,4194.530,2.753,6.728
3.911,12.153,1.473,0.758,1.000,2.000,63.334,207.562,1290.942,3111.132,38.660,134.893,228.997,395.490,175.300,4422.040,707.100,2587.240,798.040,4192.069,2.743,6.702
3.789,8.973,1.474,0.741,1.000,2.000,63.539,207.139,1290.942,3111.132,40.173,138.433,228.997,395.490,175.300,4422.040,707.100,2587.240,803.093,4191.284,2.807,6.693
3.741,8.709,1.456,0.739,1.000,2.000,63.188,206.987,1290.942,3111.132,39.203,135.373,228.997,395.490,175.300,4422.040,705.050,2587.240,799.063,4191.821,2.770,6.693
3.860,13.138,1.429,0.745,1.000,2.000,62.550,204.170,1290.942,3111.132,37.860,133.190,228.997,395.490,174.000,4422.040,705.050,2587.240,795.537,4192.163,2.707,6.680
4.036,14.690,1.444,0.765,1.000,2.000,62.479,204.387,1321.782,3112.145,36.127,126.837,246.443,405.093,175.450,4823.740,731.250,2587.240,814.500,4208.388,2.680,6.748
4.037,15.480,1.519,0.805,1.000,2.000,173.145,235.883,1345.049,3113.830,49.597,139.640,261.697,412.523,1708.350,4823.740,853.800,2947.880,863.457,4230.560,2.857,6.933
4.412,17.497,1.500,0.770,1.000,2.000,173.497,660.120,1694.705,3187.242,47.873,164.483,322.200,453.260,2087.100,5234.960,795.900,5534.560,987.817,4835.346,2.873,7.320
4.500,17.050,1.531,0.902,1.000,2.000,177.499,662.562,1717.796,3190.278,49.580,168.687,346.527,466.127,2518.200,5234.960,986.750,5534.560,1030.920,4851.137,2.940,7.410
5.065,23.061,1.457,0.683,1.000,2.000,177.784,664.138,1331.972,1727.514,49.180,171.717,202.650,201.330,257.000,3713.420,765.000,2029.200,624.877,3298.702,2.280,4.953
5.021,27.595,1.391,0.412,1.000,2.000,178.110,662.596,1266.930,802.856,48.560,165.923,175.223,99.467,257.000,2582.700,727.900,1957.260,489.173,2644.849,2.087,4.264
4.978,27.760,1.578,0.733,1.400,2.600,172.182,659.791,1779.095,65567.940,45.907,163.310,328.397,4110.327,2308.900,4870.060,918.200,3145.540,4647.940,66685.230,6.193,63.229
5.900,46.440,1.641,0.794,2.000,3.000,172.151,660.056,1779.095,65567.940,43.050,156.427,328.397,4110.327,2308.900,4870.060,918.200,3145.540,4638.200,66685.884,6.067,63.238
5.732,58.635,1.585,0.779,1.000,3.000,172.598,661.234,1779.095,65567.940,43.230,157.693,328.397,4110.327,2308.900,4870.060,981.150,3145.540,4639.647,66685.806,6.067,63.239
5.227,48.857,1.628,0.792,2.000,3.000,172.857,661.361,1779.095,65567.940,45.373,163.067,328.397,4110.327,2308.900,4870.060,1022.400,3145.540,4647.163,66685.304,6.157,63.234
4.809,45.431,1.609,0.803,1.000,3.000,172.690,661.902,1757.117,65568.435,47.450,173.700,310.950,4100.723,2001.600,4752.340,918.200,3145.540,4632.823,66685.078,6.223,63.224
4.729,43.614,1.553,0.758,1.000,3.000,64.666,652.766,1739.803,65568.773,36.023,167.660,295.697,4093.293,782.350,4752.340,790.450,3145.540,4592.673,66685.880,6.123,63.212
4.269,39.697,1.529,0.720,1.000,3.000,207.397,288.773,1430.124,65566.995,49.957,145.433,259.540,4063.290,2012.500,4752.340,979.000,3130.760,4518.220,66651.150,6.153,63.182
4.451,39.306,1.460,0.608,1.000,2.100,203.946,278.843,1400.795,65567.553,46.517,134.973,235.213,4050.423,419.450,4162.380,771.450,2571.180,4467.127,66652.748,6.003,63.179
4.264,32.194,1.423,0.590,1.000,2.000,203.576,275.058,1400.795,65567.553,46.460,133.947,235.213,4050.423,419.450,4162.380,746.750,2571.180,4466.043,66652.801,6.027,63.177
4.520,34.530,1.451,0.640,1.000,3.000,283.008,354.632,1324.745,65568.124,58.497,154.883,202.227,4031.807,299.000,3468.860,746.850,2571.180,4447.413,66651.117,5.983,63.165
4.740,34.872,1.286,0.327,1.000,2.000,283.107,353.215,469.254,219.300,58.630,151.360,44.820,20.493,156.000,297.800,463.600,1055.740,275.303,929.908,1.867,3.021
4.278,11.275,1.278,0.312,1.000,2.000,283.038,354.226,469.254,219.300,61.353,160.283,44.820,20.493,156.200,297.800,475.550,1055.740,286.950,929.285,1.997,3.036
4.588,11.615,1.294,0.325,1.000,2.000,282.777,353.353,469.254,219.300,60.230,159.950,44.820,20.493,156.000,297.800,486.100,1055.740,285.493,928.735,1.960,3.000
4.091,11.210,1.364,0.413,1.000,2.000,286.129,350.072,1382.502,64712.680,64.360,164.430,205.550,3820.427,279.900,3985.400,740.750,2568.820,4254.767,65856.786,5.897,62.388
3.927,11.267,1.556,2.136,1.000,2.000,286.439,352.655,1881.521,75774.635,66.150,169.517,386.007,6208.513,3388.500,5489.140,1261.150,3221.000,6830.187,77290.864,8.630,74.035
4.250,12.649,1.549,2.248,1.000,2.000,285.797,351.592,1881.521,75774.635,63.697,164.100,386.007,6208.513,3388.500,5489.140,1261.150,3221.000,6822.317,77291.525,8.540,74.039
4.480,12.490,1.520,2.290,1.000,2.100,208.063,272.532,1860.608,75775.382,50.697,148.303,361.660,6197.780,2684.550,5436.220,978.050,3221.000,6758.440,77294.410,8.430,74.035
4.420,11.324,1.580,2.324,1.000,3.000,207.856,273.108,1860.608,75775.382,51.897,151.507,361.660,6197.780,2684.550,5436.220,978.050,3221.000,6762.843,77294.036,8.480,74.031
4.132,10.869,1.558,2.247,1.000,2.900,208.396,275.679,1860.608,75775.382,51.953,149.017,361.660,6197.780,2684.550,5436.220,978.050,3221.000,6760.410,77294.258,8.473,74.034
4.113,9.949,1.577,2.321,1.000,2.900,66.937,166.369,1860.608,75775.382,39.460,131.547,361.660,6197.780,2616.500,5436.220,795.150,3053.380,6730.447,77295.759,8.393,74.036
3.981,7.685,1.574,2.245,1.000,2.700,67.415,182.062,1830.439,75775.991,40.260,140.243,341.187,6188.020,2230.150,5338.680,795.150,2198.820,6709.710,77295.787,8.357,74.028
3.800,8.342,1.655,2.408,1.000,3.000,83.116,195.459,1851.926,75775.143,45.190,150.117,365.517,6200.873,2629.800,5338.680,972.000,3206.260,6761.697,77293.048,8.590,74.026
3.517,7.284,1.684,2.356,1.000,3.000,83.776,191.314,1882.288,75773.689,47.113,151.217,401.447,6221.517,2754.900,5338.680,1228.600,3206.260,6821.293,77290.094,8.787,74.025
4.038,7.244,1.623,1.669,1.000,3.000,69.467,193.940,1405.848,39650.561,41.060,140.507,272.037,2434.893,2073.100,4553.860,966.750,2061.380,2888.497,40716.478,4.850,40.243
4.058,7.593,1.712,2.898,1.000,3.000,843124.952,2993.633,613.018,318.631,113464.080,566.043,123.280,62.437,2287.950,1077142.920,1171.000,5951.140,114215.840,846118.197,17.213,115.233
3.636,6.813,1.818,2.912,1.400,3.000,843124.611,2993.097,698.053,372.558,113466.617,571.950,171.020,88.920,2592.800,1077142.920,1761.250,5951.140,114298.507,846107.252,17.467,115.207
3.364,6.522,2.130,4.039,2.000,4.700,843124.583,2992.926,1841.401,14686.810,113466.827,574.837,490.900,1527.883,4798.850,1077142.920,3532.400,18580.700,116060.447,846017.743,19.717,116.449
3.382,6.309,2.111,4.025,2.000,4.700,843124.529,2993.159,1841.401,14686.810,113467.227,577.910,490.900,1527.883,4798.850,1077142.920,3532.400,18580.700,116063.920,846017.271,19.740,116.448
3.291,6.097,2.164,3.882,2.000,4.600,843124.206,2992.121,1841.401,14686.810,113469.627,590.603,490.900,1527.883,4798.850,1077142.920,3532.400,18580.700,116079.013,846015.208,19.847,116.432
3.236,5.853,2.218,3.916,2.000,4.600,843123.659,2991.909,1910.994,14690.489,113473.703,594.370,552.523,1564.793,4980.550,1077142.920,6005.350,18580.700,116185.390,846001.235,20.153,116.411
3.035,5.332,2.228,3.790,2.000,4.400,843123.613,2991.558,1917.481,14689.713,113474.047,591.357,579.773,1574.150,4980.550,1077142.920,6005.350,18580.700,116219.327,845996.639,20.263,116.395
3.123,4.739,2.140,3.700,2.000,4.000,843124.328,2992.221,1914.697,14689.634,113468.717,581.753,577.670,1571.527,4980.550,1077142.920,6005.350,18580.700,116199.667,845999.273,20.060,116.417
3.053,4.190,2.172,3.694,2.000,4.000,843124.149,2991.782,1967.474,14701.142,113470.050,584.757,626.510,1624.103,6032.200,1077142.920,7920.650,18580.700,116305.420,845985.621,20.243,116.400
2.619,3.315,2.177,4.017,2.000,4.000,920322.612,3383.499,2077.773,27526.358,135193.653,693.090,707.463,3291.637,7778.250,1962398.860,9354.150,27996.600,139885.843,923571.162,27.260,147.032
2.933,6.729,2.067,2.562,2.000,4.000,375583.854,1621.808,2082.588,27527.144,21772.197,264.533,691.443,3285.630,4881.750,8122.000,3736.850,17432.140,26013.803,378040.866,12.270,93.021
2.903,6.475,1.967,2.556,2.000,4.000,375583.859,1621.761,2321.643,83603.377,21772.117,264.327,725.313,7840.780,4925.500,9085.100,7920.650,21923.880,30602.537,386152.005,16.520,119.191
2.953,6.357,1.734,1.508,1.000,3.000,375583.802,1621.331,1623.734,82414.374,21773.107,267.000,405.433,6401.817,3036.050,5556.420,1185.500,8415.120,28847.357,385957.640,14.333,117.910
2.806,5.619,1.672,1.474,1.000,3.000,375583.882,1620.459,1623.734,82414.374,21771.717,262.163,405.433,6401.817,3036.050,5556.420,1185.500,8415.120,28841.130,385958.095,14.277,117.914
2.794,5.369,1.618,1.471,1.000,3.000,375583.951,1619.393,1623.734,82414.374,21770.517,254.357,405.433,6401.817,3036.050,5556.420,1185.500,8415.120,28832.123,385958.755,14.220,117.919
2.855,6.356,1.515,1.309,1.000,3.000,375584.166,1618.580,1535.332,82415.885,21766.763,244.913,343.810,6364.907,2949.200,5133.020,1094.150,8415.120,28720.393,385965.698,13.913,117.924
2.940,6.773,1.561,1.519,1.000,3.000,375583.879,1637.943,1569.556,82415.424,21771.803,265.693,361.647,6372.963,3030.050,5133.020,1252.800,8415.120,28772.107,385962.300,13.990,117.922
2.838,6.930,1.597,1.494,1.000,3.000,375583.746,1638.099,2717.265,117588.273,21774.123,266.940,547.980,13280.560,3466.400,7068.120,2312.800,10464.740,35869.603,394987.326,20.787,142.913
3.062,8.058,1.554,1.293,1.000,3.000,375583.854,1638.467,2657.761,117593.517,21772.257,260.243,471.440,13213.700,2956.500,5556.420,1185.500,9148.600,35717.640,394998.796,20.490,142.935
3.593,10.411,1.492,0.894,1.000,3.000,94.348,304.452,2554.441,115412.485,49.910,155.410,359.167,11532.857,867.000,4108.560,725.150,2909.420,12097.343,117559.220,13.440,110.752
3.600,13.840,1.377,0.628,1.000,3.000,83.854,304.597,2550.613,115412.599,45.813,149.240,356.710,11531.373,867.000,3969.720,725.150,2887.200,12083.137,117560.100,13.330,110.757
3.860,15.489,1.429,0.745,1.000,3.000,81.899,309.129,2308.856,84393.346,43.223,148.393,275.100,6949.740,807.800,3769.040,724.000,2450.900,7416.457,86329.265,8.820,81.783
4.208,17.410,1.453,0.776,1.000,3.000,81.756,308.537,2308.856,84393.346,42.527,142.730,275.100,6949.740,807.800,3769.040,724.000,2450.900,7410.097,86329.795,8.780,81.786
4.500,18.570,1.531,0.820,1.000,3.000,82.593,309.229,2308.856,84393.346,43.117,145.060,275.100,6949.740,807.800,3769.040,724.000,2450.900,7413.017,86329.555,8.793,81.785
4.809,18.325,1.609,0.890,1.000,3.000,82.083,309.258,2308.856,84393.346,43.190,146.947,275.100,6949.740,807.800,3769.040,724.000,2450.900,7414.977,86329.391,8.793,81.784
4.294,17.580,1.588,0.870,1.000,3.000,93.259,311.879,2327.089,84392.817,46.953,155.153,300.097,6957.353,863.000,3969.720,725.150,2779.200,7459.557,86327.045,8.947,81.782
4.208,17.334,1.453,0.587,1.000,3.000,93.569,175.781,2300.961,84393.580,44.393,133.690,265.937,6946.120,791.650,3334.780,682.200,1052.200,7390.140,86330.814,8.813,81.786
4.283,17.297,1.404,0.548,1.000,2.900,88.128,174.042,476.649,215.877,43.007,133.783,69.097,30.483,257.000,944.620,623.300,875.780,276.370,752.860,2.037,2.838
4.500,19.930,1.500,0.970,1.000,3.000,87.098,177.996,2262.746,41253.671,42.417,137.290,302.720,3537.413,257.000,3765.120,665.750,2050.980,4019.840,43020.738,5.893,43.021
4.170,15.952,1.519,0.942,1.000,3.000,88.199,177.804,2271.815,41253.231,43.750,140.250,315.503,3544.943,297.000,3967.560,674.200,2447.400,4044.447,43020.188,6.023,43.036
3.982,15.036,1.473,0.904,1.000,3.000,88.703,180.309,2266.102,41253.217,44.950,143.597,315.593,3545.067,337.000,3765.680,850.300,2712.460,4049.207,43019.256,6.063,43.030
3.873,13.566,1.582,0.971,1.000,3.000,89.665,172.725,2272.106,41252.240,46.873,143.147,336.230,3558.353,1987.250,3765.680,907.200,2712.460,4084.603,43017.092,6.213,43.024
3.483,12.083,1.542,0.858,1.000,3.000,88.697,171.871,2294.032,41250.872,46.580,145.203,379.140,3577.813,2026.000,4014.480,1071.600,2712.460,4148.737,43014.095,6.323,43.020
3.393,11.222,1.550,0.881,1.000,3.000,89.769,174.838,2296.153,41250.533,46.847,144.767,386.253,3582.730,2027.850,4014.480,1105.800,2712.460,4160.597,43013.536,6.373,43.024
3.593,14.174,1.517,0.870,1.000,3.000,90.946,176.426,2296.153,41250.533,45.307,139.740,386.253,3582.730,2027.850,4014.480,1105.800,2712.460,4154.030,43014.157,6.293,43.035
3.945,15.215,1.537,0.878,1.000,2.700,92.154,182.647,2297.090,41250.221,43.510,135.473,387.430,3585.827,2027.850,4008.400,1178.300,2345.480,4152.240,43013.983,6.223,43.039
4.250,15.764,1.549,0.914,1.000,3.000,73.607,180.718,2401.063,77467.354,40.287,134.767,419.260,7383.713,2027.850,4671.080,1178.300,2712.460,7978.027,79021.860,9.783,75.956
4.189,15.738,1.500,0.904,1.000,2.900,72.991,178.714,2394.836,77467.554,39.220,130.137,407.540,7381.523,2026.000,4671.080,1178.300,2712.460,7958.420,79023.393,9.703,75.961
3.650,9.694,1.373,0.437,1.000,2.000,74.274,179.430,1102.242,65791.772,40.743,132.910,254.400,4004.797,2029.750,3489.320,1178.000,2345.480,4432.850,66533.814,6.257,62.979
3.845,9.510,1.351,0.438,1.000,2.000,71.829,175.118,1139.508,65791.750,37.753,124.823,268.947,4003.973,2064.100,3502.720,1178.000,1967.560,4435.497,66534.139,6.113,62.973
3.912,10.747,1.351,0.403,1.000,2.000,279243.778,1333.021,1160.392,65791.433,16184.847,201.297,282.520,4009.863,2142.300,4671.080,1197.250,2511.700,20678.527,288098.426,10.713,101.902
3.862,10.843,1.333,0.503,1.000,2.000,279243.809,1334.129,1169.490,65791.103,16184.313,204.813,295.900,4016.913,2142.300,4671.080,1449.550,2511.700,20701.940,288096.914,10.723,101.901
4.145,11.070,1.333,0.556,1.000,2.000,279243.837,1334.794,1144.641,65791.173,16183.837,201.300,287.107,4014.857,2142.300,4140.700,1449.550,2511.700,20687.100,288097.821,10.660,101.908
3.860,8.893,1.429,1.281,1.000,2.000,496183.255,2401.900,1319.136,66233.295,57486.227,411.543,370.777,4487.227,3277.000,6837.000,1783.050,16937.600,62755.773,502490.857,18.957,127.444
3.600,8.273,1.424,1.227,1.000,2.000,496183.060,2401.170,1319.136,66233.295,57487.907,416.123,370.777,4487.227,3277.000,6837.000,1783.050,16937.600,62762.033,502490.076,19.033,127.434
3.695,9.059,1.414,1.243,1.000,2.000,496183.240,2400.520,1286.361,66233.921,57486.340,416.120,344.603,4476.517,2776.950,6837.000,1740.300,16937.600,62723.580,502494.654,18.973,127.436
3.789,10.938,1.500,1.357,1.000,2.500,496183.200,2400.158,1124.938,8078.135,57486.683,416.470,323.857,681.890,2776.950,6606.460,1740.300,3835.640,58908.900,498522.231,15.433,111.302
3.944,11.534,1.611,1.534,1.000,3.000,496183.030,2399.485,1128.671,8078.093,57488.150,421.020,330.910,686.270,2776.950,6606.460,1740.300,3835.640,58926.350,498520.201,15.523,111.292
4.192,12.809,1.608,1.611,1.000,3.000,496183.014,2399.338,1008.918,7887.377,57488.283,419.580,257.207,557.143,2191.700,6202.180,1590.700,2551.720,58722.213,498539.732,15.187,111.276
3.836,9.446,1.618,1.509,1.000,3.000,496182.514,2398.452,943.954,7887.375,57492.607,432.300,229.877,550.437,2150.900,4626.340,1590.700,2551.720,58705.220,498541.521,15.347,111.258
3.625,9.306,1.732,1.910,1.000,3.000,411768.990,2009.884,1126.899,7898.000,41349.207,375.167,252.337,564.753,2150.900,4626.340,1240.150,2366.500,42541.463,413762.715,11.013,77.475
3.667,10.327,1.625,1.699,1.000,3.000,411769.057,2009.834,1102.852,7897.718,41348.540,368.177,218.320,544.417,2074.900,4626.340,1173.900,2366.500,42479.453,413768.841,10.877,77.488
3.661,13.581,1.696,1.854,1.000,3.000,416604.734,2135.299,1120.546,7898.217,45153.227,419.637,210.283,537.540,2215.400,6667.460,1174.550,3260.420,46320.687,418685.171,11.823,78.803
3.508,13.199,1.603,1.205,1.000,3.000,65726.908,759.814,886.240,522.358,3852.293,219.193,119.500,60.253,192.400,3161.960,670.700,1232.820,4251.240,66465.972,3.587,15.305
3.492,11.911,1.593,1.190,1.000,3.000,65726.882,759.691,886.240,522.358,3852.690,220.693,119.500,60.253,174.900,3161.960,670.700,1232.820,4253.137,66465.854,3.630,15.292
3.362,11.679,1.842,2.765,1.000,3.400,65726.669,782.417,1197.917,2196.173,3856.697,237.257,249.547,241.190,2150.350,5536.000,1118.450,2838.680,4584.690,66496.194,4.217,15.672
3.233,9.246,1.767,2.612,1.000,3.100,65726.690,783.167,1140.251,2191.097,3856.343,235.190,227.537,231.750,2098.650,4730.300,1063.800,2568.200,4550.820,66496.291,4.127,15.657
2.985,7.246,1.656,2.382,1.000,2.700,65726.763,783.840,1135.914,2190.342,3855.087,234.900,220.483,227.370,386.950,4730.300,1042.950,2568.200,4537.840,66496.953,4.070,15.657
2.836,6.973,1.642,2.290,1.000,2.400,65726.740,784.364,1109.609,2187.312,3855.477,238.367,205.473,219.933,297.000,4730.300,1031.550,2568.200,4519.250,66497.132,4.040,15.641
3.015,8.107,1.600,2.302,1.000,2.600,65726.870,784.844,1109.609,2187.312,3853.200,233.793,205.473,219.933,294.150,4730.300,1042.950,2568.200,4512.400,66497.566,3.923,15.634
3.125,9.391,1.562,2.027,1.000,2.000,65727.057,782.074,881.638,2141.792,3849.897,218.510,156.127,191.463,175.300,3967.240,771.050,2452.120,4415.997,66493.963,3.667,15.506
2.938,6.058,1.703,2.615,1.000,2.700,65726.795,782.246,935.957,2145.361,3854.657,230.667,182.427,201.993,204.700,4729.980,935.050,2560.240,4469.743,66492.563,3.900,15.542
2.939,5.148,1.606,2.390,1.000,2.000,81.539,276.168,883.610,2141.879,51.293,189.033,156.347,191.467,174.000,3197.400,797.950,1791.440,588.140,2646.674,2.943,4.477
2.940,5.041,1.561,2.337,1.000,2.000,81.303,270.029,883.610,2141.879,50.360,181.953,156.347,191.467,174.000,3197.400,731.450,1791.440,580.127,2647.033,2.903,4.480
3.159,6.832,1.578,2.369,1.000,2.000,81.511,270.631,883.610,2141.879,49.607,178.743,156.347,191.467,174.000,3197.400,731.450,1791.440,576.163,2647.621,2.857,4.488
2.971,6.173,1.377,0.901,1.000,2.000,62.319,192.622,327.021,139.045,45.677,164.247,26.300,10.530,134.000,174.000,519.350,693.560,246.753,563.873,2.297,2.603
2.957,5.898,1.348,0.894,1.000,2.000,62.215,191.893,327.021,139.045,44.877,162.053,26.300,10.530,134.000,174.000,519.350,693.560,243.760,563.707,2.263,2.590
2.971,6.176,1.463,1.264,1.000,2.000,63.006,198.353,327.021,139.045,47.457,170.917,26.300,10.530,135.300,174.000,529.150,758.500,255.203,565.994,2.390,2.652
3.030,6.423,1.538,1.510,1.000,3.000,62.522,198.558,327.021,139.045,47.410,171.337,26.300,10.530,134.000,174.000,532.450,758.500,255.577,565.911,2.400,2.633
2.838,4.341,1.574,1.480,1.000,3.000,75.396,206.501,456.925,178.948,50.627,175.220,52.837,21.267,160.000,184.320,563.150,963.120,299.950,733.394,2.530,2.893
2.729,3.941,1.557,1.132,1.000,3.000,75.279,207.278,456.925,178.948,51.027,176.010,52.837,21.267,160.000,184.320,604.350,963.120,301.140,733.385,2.540,2.892
2.775,4.006,1.451,0.867,1.000,3.000,61.079,200.565,321.299,113.644,46.657,165.650,26.537,10.737,134.000,174.000,532.450,951.140,249.580,523.548,2.337,2.534
3.091,7.749,1.477,0.926,1.000,3.000,59.978,185.216,321.299,113.644,44.477,155.303,26.537,10.737,134.000,174.000,505.150,673.660,237.053,517.137,2.233,2.470
3.222,7.538,1.565,0.988,1.000,3.000,60.458,191.389,321.299,113.644,44.743,157.440,26.537,10.737,134.000,174.000,506.350,758.920,239.457,519.923,2.237,2.533
2.970,6.268,1.507,0.907,1.000,3.000,60.414,191.739,321.299,113.644,45.277,158.537,26.537,10.737,134.000,174.000,507.150,758.920,241.087,519.809,2.270,2.527
3.222,6.840,1.565,0.956,1.000,3.000,76.409,187.554,321.299,113.644,47.797,155.687,26.537,10.737,134.000,174.200,505.000,758.920,240.757,521.109,2.267,2.514
3.441,8.484,1.644,1.077,1.000,3.000,76.843,192.872,470.969,173.399,48.160,159.777,46.540,18.347,135.300,232.160,561.600,953.320,272.823,698.456,2.343,2.737
3.632,11.671,1.632,0.829,1.600,3.000,93.933,666.977,470.969,173.399,49.653,190.433,46.540,18.347,160.000,243.000,573.700,1070.960,304.973,980.830,2.297,2.871
3.786,13.383,1.571,0.602,2.000,3.000,105.286,667.821,572.552,239.759,51.050,188.937,73.080,31.940,174.000,864.060,604.550,1372.200,345.007,1119.236,2.333,3.248
3.875,14.145,1.509,0.577,1.000,3.000,96.669,666.244,476.501,212.191,46.987,185.510,46.543,21.203,134.000,243.000,573.700,983.240,300.243,1020.299,2.183,3.056
4.373,16.979,1.540,0.688,1.000,3.000,96.708,667.414,476.501,212.191,44.853,179.970,46.543,21.203,134.000,243.000,555.900,1015.580,292.570,1021.627,2.067,3.028
4.872,27.133,1.543,0.726,1.000,3.000,96.779,667.889,476.501,212.191,43.387,174.967,46.543,21.203,134.000,243.000,573.700,1015.580,286.100,1022.467,2.000,3.065
4.750,24.312,1.500,0.708,1.000,3.000,97.126,669.986,476.501,212.191,43.300,176.580,46.543,21.203,134.000,243.000,589.250,1044.080,287.627,1024.047,1.990,3.082
5.432,44.018,1.419,0.662,1.000,2.800,96.424,668.586,476.501,212.191,40.053,167.243,46.543,21.203,134.000,243.000,589.250,1015.580,275.043,1023.502,1.827,2.977
6.282,47.074,1.447,0.721,1.000,3.000,96.296,668.525,476.501,212.191,38.187,163.150,46.543,21.203,134.000,243.000,589.250,1015.580,269.083,1023.924,1.727,2.962
6.500,49.566,1.432,0.732,1.000,3.000,83.752,669.142,476.501,212.191,33.847,159.037,46.543,21.203,120.700,175.380,589.250,1015.580,260.630,1023.328,1.617,2.926
6.282,48.561,1.410,0.550,1.000,2.200,95.672,670.280,425.697,235.254,36.833,162.153,42.227,23.217,134.000,174.000,658.300,1015.580,264.430,1040.604,1.660,3.112
6.579,48.665,1.316,0.374,1.000,2.000,78.248,192.700,464.197,256.827,32.227,120.120,53.073,29.253,120.000,174.000,633.300,982.660,234.673,826.020,1.580,2.998
6.838,50.028,1.306,0.379,1.000,2.000,60.772,186.182,329.261,196.137,28.477,112.657,26.533,15.660,120.000,134.520,511.100,842.260,183.327,617.522,1.407,2.508
6.972,52.638,1.361,0.397,1.000,2.000,60.838,179.194,329.261,196.137,29.190,111.693,26.533,15.660,120.000,134.520,497.400,748.900,183.077,615.017,1.420,2.475
6.865,43.630,1.278,0.201,1.000,2.000,60.142,171.968,329.261,196.137,28.343,109.397,26.533,15.660,120.000,134.000,487.500,707.800,179.933,612.804,1.387,2.448
7.314,56.330,1.294,0.208,1.000,2.000,59.705,169.123,329.261,196.137,26.877,103.603,26.533,15.660,120.000,134.000,479.400,707.800,172.673,612.217,1.300,2.380
7.314,54.844,1.294,0.208,1.000,2.000,59.867,167.502,329.261,196.137,26.210,101.247,26.533,15.660,120.000,134.000,479.400,707.560,169.650,612.120,1.263,2.388
7.083,47.799,1.286,0.204,1.000,2.000,60.075,163.583,329.261,196.137,25.857,96.613,26.533,15.660,120.000,134.000,475.200,698.180,164.663,611.172,1.233,2.376
7.343,49.082,1.265,0.195,1.000,2.000,59.544,159.773,329.261,196.137,24.877,92.263,26.533,15.660,82.000,134.000,452.200,698.180,159.333,610.152,1.190,2.351
7.314,51.873,1.294,0.208,1.000,2.000,75.909,164.764,456.267,225.818,27.293,93.957,52.607,26.537,120.000,134.520,487.900,737.140,200.393,772.534,1.283,2.718
7.647,54.464,1.212,0.167,1.000,2.000,58.780,151.697,368.459,153.719,22.743,83.543,36.920,16.913,80.000,134.000,472.150,698.180,160.120,583.492,1.093,2.200
7.706,57.149,1.152,0.129,1.000,2.000,75.276,150.786,318.042,113.423,24.330,79.827,26.073,10.877,80.000,134.000,420.700,695.060,141.107,514.271,1.017,2.082
7.457,54.534,1.147,0.125,1.000,2.000,75.092,149.967,380.683,166.147,23.883,79.737,38.497,20.873,80.000,134.000,472.050,707.560,162.990,605.497,1.070,2.305
8.312,58.340,1.097,0.087,1.000,1.000,74.677,150.757,380.683,166.147,21.617,71.683,38.497,20.873,80.000,134.000,420.700,735.600,152.670,606.283,0.957,2.262
7.139,54.842,1.229,0.405,1.000,2.000,91.656,154.443,893.983,316.250,26.377,74.967,146.047,56.580,134.000,2823.840,697.050,1309.820,303.970,1236.650,1.280,3.110
6.658,39.962,1.270,0.467,1.000,2.000,91.539,166.562,893.983,316.250,27.930,85.527,146.047,56.580,134.000,2823.840,698.100,1309.820,316.083,1236.388,1.370,3.112
6.436,33.887,1.289,0.469,1.000,2.000,92.035,163.185,893.983,316.250,29.253,87.290,146.047,56.580,134.000,2823.840,697.150,1309.820,319.170,1235.508,1.427,3.130
6.632,37.233,1.297,0.479,1.000,2.000,91.963,162.158,893.983,316.250,29.387,87.627,146.047,56.580,134.000,2823.840,697.150,1309.820,319.640,1235.253,1.433,3.126
6.632,40.496,1.297,0.479,1.000,2.000,92.087,164.742,893.983,316.250,29.833,90.160,146.047,56.580,134.000,2823.840,697.150,1309.820,322.620,1235.148,1.447,3.125
7.559,65.188,1.303,0.514,1.000,2.000,78.800,158.516,839.232,296.890,26.037,84.387,119.973,45.703,134.000,2029.020,641.800,1274.680,276.100,1145.491,1.293,2.799
8.094,71.647,1.323,0.541,1.000,2.000,78.644,156.352,839.232,296.890,26.303,85.277,119.973,45.703,134.000,2029.020,641.800,1274.680,277.257,1144.889,1.307,2.788
7.758,68.305,1.375,0.547,1.000,2.000,62.754,159.851,839.232,296.890,25.297,94.367,119.973,45.703,134.000,2029.020,589.600,1274.680,285.340,1142.024,1.370,2.758
8.031,74.155,1.387,0.560,1.000,2.000,62.903,166.143,813.982,271.846,25.477,95.493,107.550,35.707,134.000,1986.800,576.550,1000.820,264.227,1099.588,1.307,2.579
7.471,67.543,1.394,0.542,1.000,2.000,62.655,163.760,813.982,271.846,26.363,102.213,107.550,35.707,134.000,1986.800,576.550,984.160,271.833,1098.206,1.367,2.575
8.767,71.579,1.233,0.246,1.000,2.000,34.148,160.508,0.000,0.000,22.183,98.737,0.000,0.000,80.000,134.000,394.050,587.100,120.920,186.306,1.063,1.485
8.516,68.379,1.200,0.160,1.000,2.000,37.321,166.644,0.000,0.000,22.363,98.883,0.000,0.000,80.000,134.000,376.900,592.940,121.247,196.754,1.080,1.709
8.867,72.316,1.172,0.143,1.000,2.000,34.781,165.043,0.000,0.000,20.993,96.910,0.000,0.000,80.000,134.000,394.050,587.100,117.903,192.934,1.033,1.637
7.939,58.421,1.188,0.152,1.000,2.000,35.486,170.903,0.000,0.000,22.193,103.890,0.000,0.000,80.000,134.000,437.100,587.100,126.083,199.569,1.103,1.695
7.429,48.245,1.176,0.145,1.000,2.000,35.768,171.068,0.000,0.000,22.460,104.560,0.000,0.000,80.000,134.000,437.100,583.080,127.020,200.288,1.123,1.723
6.350,23.977,1.179,0.147,1.000,2.000,37.758,178.018,0.000,0.000,24.773,115.283,0.000,0.000,80.000,134.000,459.300,592.260,140.057,209.173,1.237,1.808
6.300,24.810,1.200,0.160,1.000,2.000,38.264,185.209,0.000,0.000,25.260,118.943,0.000,0.000,80.000,134.000,479.650,606.200,144.203,217.408,1.270,1.849
6.375,28.934,1.154,0.130,1.000,2.000,37.659,177.620,0.000,0.000,24.060,108.807,0.000,0.000,80.000,134.000,459.300,592.260,132.867,209.841,1.203,1.823
6.590,28.037,1.132,0.114,1.000,2.000,38.101,179.381,0.000,0.000,24.327,110.730,0.000,0.000,80.000,134.520,459.300,592.260,135.057,211.970,1.220,1.843
7.250,35.799,1.114,0.101,1.000,1.600,38.158,176.025,0.000,0.000,23.707,104.237,0.000,0.000,80.000,134.520,439.350,589.320,127.943,208.263,1.173,1.825
7.735,37.959,1.121,0.107,1.000,1.800,37.237,176.939,0.000,0.000,22.327,101.390,0.000,0.000,80.000,134.000,465.700,605.520,123.717,208.432,1.113,1.804
8.000,35.697,1.125,0.109,1.000,1.900,34.754,161.449,0.000,0.000,21.527,94.617,0.000,0.000,80.000,134.000,426.600,583.120,116.143,189.709,1.060,1.603
7.706,36.266,1.118,0.104,1.000,1.700,36.320,163.511,0.000,0.000,22.773,97.700,0.000,0.000,82.000,134.000,465.700,589.320,120.473,193.421,1.110,1.645
7.457,37.905,1.114,0.101,1.000,1.600,35.918,163.587,0.000,0.000,22.327,97.170,0.000,0.000,80.000,134.000,439.350,599.120,119.497,193.062,1.093,1.626
7.371,37.605,1.200,0.217,1.000,2.000,36.264,167.933,0.000,0.000,23.527,104.007,0.000,0.000,80.000,134.000,465.700,613.160,127.533,197.118,1.143,1.622
6.973,36.891,1.167,0.194,1.000,2.000,67.910,163.309,0.000,0.000,26.027,99.167,0.000,0.000,80.000,134.000,442.950,599.280,125.193,206.733,1.130,1.665
7.000,30.432,1.139,0.175,1.000,1.500,70.199,155.495,0.000,0.000,26.717,95.490,0.000,0.000,80.000,134.000,415.950,589.200,122.207,200.811,1.117,1.650
7.676,36.219,1.147,0.184,1.000,1.700,69.589,154.744,0.000,0.000,25.603,93.433,0.000,0.000,80.000,134.000,415.950,589.200,119.037,199.096,1.073,1.615
7.970,45.726,1.156,0.194,1.000,1.900,69.445,143.881,0.000,0.000,24.403,86.293,0.000,0.000,80.000,134.000,397.900,575.280,110.697,189.750,1.007,1.579
7.909,56.992,1.219,0.296,1.000,2.000,69.630,143.229,0.000,0.000,25.070,86.517,0.000,0.000,80.000,134.000,397.900,558.340,111.587,189.750,1.037,1.601
8.188,89.277,1.226,0.304,1.000,2.000,69.754,138.374,0.000,0.000,25.383,84.023,0.000,0.000,80.000,134.000,385.600,557.020,109.407,185.773,1.040,1.593
8.516,104.766,1.200,0.293,1.000,2.000,69.238,136.969,0.000,0.000,24.803,82.593,0.000,0.000,80.000,134.000,385.600,557.020,107.397,183.905,1.013,1.558
10.760,118.902,1.240,0.342,1.000,2.000,68.621,129.789,0.000,0.000,23.470,77.257,0.000,0.000,80.000,134.000,376.300,537.400,100.727,175.964,0.947,1.493
11.826,128.578,1.217,0.257,1.000,2.000,68.627,127.875,0.000,0.000,23.250,74.413,0.000,0.000,80.000,134.000,316.950,537.180,97.663,174.231,0.923,1.471
13.190,132.345,1.150,0.227,1.000,1.100,68.075,120.752,0.000,0.000,21.203,65.047,0.000,0.000,80.000,134.000,298.850,443.900,86.250,167.502,0.833,1.426
16.471,124.014,1.176,0.263,1.000,1.400,34.617,113.887,0.000,0.000,17.503,62.210,0.000,0.000,80.000,134.000,272.000,411.080,79.713,139.616,0.783,1.261
13.750,139.188,1.250,0.287,1.000,2.000,60.480,405.061,171.706,134.817,19.953,87.187,9.930,7.797,80.000,134.000,307.400,419.120,124.867,759.874,0.927,2.598
12.455,122.430,1.238,0.277,1.000,2.000,60.823,405.153,171.706,134.817,20.667,88.573,9.930,7.797,80.000,134.000,307.400,425.200,126.967,759.903,0.953,2.603
11.870,90.809,1.227,0.267,1.000,2.000,60.344,405.731,171.706,134.817,21.420,94.173,9.930,7.797,80.000,134.000,345.250,425.200,133.320,759.881,1.000,2.595
12.545,72.066,1.143,0.122,1.000,2.000,60.084,405.493,171.706,134.817,21.153,93.547,9.930,7.797,80.000,134.000,345.250,425.200,132.427,759.594,0.987,2.579
11.417,69.160,1.130,0.113,1.000,1.800,60.930,406.291,171.706,134.817,21.553,94.950,9.930,7.797,80.000,134.000,351.200,425.200,134.230,760.353,1.007,2.615
10.462,69.249,1.120,0.106,1.000,1.600,61.328,407.278,171.706,134.817,22.533,98.280,9.930,7.797,80.000,134.000,374.250,437.100,138.540,760.802,1.047,2.621
9.643,55.301,1.111,0.099,1.000,1.400,61.526,407.666,171.706,134.817,22.590,97.300,9.930,7.797,80.000,134.000,379.450,449.840,137.617,761.130,1.057,2.642
9.571,55.531,1.143,0.194,1.000,1.300,61.377,405.638,795.193,334.175,21.923,92.450,77.597,34.563,80.000,134.340,388.150,540.940,226.533,1315.490,1.203,3.306
8.194,56.995,1.533,5.449,1.000,2.000,106.644,715.574,3802.410,540967.742,32.247,140.967,456.910,31361.377,172.200,4611.320,542.350,1785.520,31991.500,544492.562,29.990,488.642
7.656,52.538,1.774,7.014,1.000,2.000,1107.940,778.038,3961.978,540965.991,194.160,176.203,547.837,31393.547,4035.150,8833.260,803.050,4544.820,32311.747,544477.120,30.953,488.615
8.929,60.138,1.852,7.978,1.000,2.000,1107.214,678.731,3959.576,540966.416,191.327,153.483,538.137,31385.927,4035.150,8833.260,800.000,2969.740,32268.873,544479.145,30.823,488.618
9.296,81.838,1.885,8.256,1.000,2.000,1107.276,678.814,3959.576,540966.416,190.927,151.823,538.137,31385.927,4035.150,8833.260,800.000,2969.740,32266.813,544479.266,30.800,488.619
8.929,95.995,1.852,7.978,1.000,2.000,1107.291,678.682,3959.576,540966.416,191.327,147.700,538.137,31385.927,4035.150,8833.260,800.000,2969.740,32263.090,544479.486,30.787,488.620
8.267,72.729,1.793,7.474,1.000,2.000,1107.424,678.915,3962.977,540965.851,190.347,147.200,554.200,31395.987,4035.150,8833.260,803.050,2969.740,32287.733,544478.138,30.833,488.618
8.233,63.646,1.828,7.453,1.000,2.000,1108.943,678.718,3962.977,540965.851,195.163,149.090,554.200,31395.987,4035.150,8833.260,803.050,2969.740,32294.440,544477.748,30.900,488.615
8.926,68.809,2.185,9.706,1.000,4.800,1108.982,678.931,4081.672,544589.904,195.383,147.990,679.863,35183.973,4623.900,11555.420,1648.050,5548.680,36207.210,548169.317,34.663,492.236
7.933,65.062,2.138,9.084,1.000,3.400,1119.040,720.071,4081.672,544589.904,204.703,170.790,679.863,35183.973,4623.900,11555.420,1762.600,5548.680,36239.330,548167.333,34.707,492.234
8.310,73.524,2.034,6.930,1.000,3.400,1120.537,720.224,4017.300,544591.545,209.207,175.413,612.197,35157.207,4127.300,8833.260,1648.050,5548.680,36154.023,548171.893,34.587,492.239
9.071,70.281,1.704,4.357,1.000,2.000,1118.708,418.101,1559.011,64589.379,199.463,128.500,232.883,3830.393,2267.100,7273.100,803.050,2940.740,4391.240,65470.840,5.820,61.675
9.481,77.583,1.630,2.752,1.000,2.000,990.046,324.468,1605.253,64589.818,150.623,110.167,229.483,3812.273,1501.750,6247.480,705.850,2609.740,4302.547,65471.071,5.530,61.630
8.828,53.453,1.571,2.673,1.000,2.000,990.152,321.138,1634.138,64589.441,148.717,105.747,255.493,3820.213,2232.900,6247.480,777.800,2609.740,4330.170,65470.670,5.510,61.631
7.875,35.109,1.548,2.441,1.000,2.000,990.115,322.091,1663.980,64588.699,148.983,107.153,288.237,3837.200,3315.350,6247.480,939.200,2609.740,4381.573,65469.287,5.600,61.629
7.324,32.395,1.545,2.309,1.000,2.000,999.772,696.702,1714.141,64587.835,160.447,157.503,331.030,3861.240,3363.300,6247.480,1774.200,3177.080,4510.220,65469.145,5.847,61.652
7.235,36.533,1.588,2.242,1.000,2.000,1000.348,698.110,1764.625,64587.593,165.263,164.717,354.657,3875.767,3936.100,6758.060,1793.250,3527.060,4560.403,65470.691,5.980,61.660
7.545,42.006,1.594,2.366,1.000,2.000,998.508,698.357,1770.107,64587.474,160.000,165.543,363.980,3877.940,3936.100,6758.060,1793.250,3527.060,4567.463,65470.472,5.923,61.659
6.694,45.934,1.686,2.330,1.000,2.000,1008.072,805.756,9421.378,277516.995,170.603,195.727,1341.703,27889.700,5543.450,11501.680,2950.750,21423.440,29597.733,283293.188,30.763,273.735
6.886,43.987,1.735,2.371,1.000,2.000,996.388,770.027,9449.816,288214.329,162.967,179.577,1388.793,32482.853,6088.650,14275.080,2894.700,420711.660,34214.190,293979.502,35.167,283.572
6.405,43.268,1.750,2.243,2.000,2.000,994.348,770.587,9453.137,288212.602,159.930,181.830,1408.653,32499.450,6088.650,14275.080,3173.450,420711.660,34249.863,293976.017,35.250,283.564
6.270,44.900,1.838,2.190,2.000,2.400,994.325,770.842,9455.800,288210.604,160.290,184.537,1427.170,32518.903,6088.650,14275.080,3531.650,420711.660,34290.900,293971.973,35.353,283.554
6.077,40.020,1.658,1.909,1.200,2.000,218.568,755.386,9390.704,288211.778,47.490,170.017,1350.473,32507.887,4554.300,11473.600,3173.450,420711.660,34075.867,293991.915,34.710,283.592
6.211,50.482,1.684,1.900,2.000,2.000,218.554,754.864,9388.786,288212.672,49.543,172.977,1324.233,32499.770,4269.850,11473.600,3173.450,420711.660,34046.523,293994.991,34.740,283.588
5.875,49.609,1.667,1.863,1.800,2.000,218.613,755.313,9390.354,288213.423,50.430,176.537,1310.623,32493.073,4563.750,11473.600,3173.450,420711.660,34030.663,293996.822,34.810,283.583
6.026,51.102,1.667,1.863,1.800,2.000,161.139,436.741,9385.795,288216.005,39.953,130.070,1267.830,32469.033,3447.300,11473.600,1164.050,420711.660,33906.887,294009.212,34.633,283.595
6.103,48.656,1.632,1.917,1.000,2.000,153.908,434.940,9378.481,288218.599,37.057,128.167,1228.140,32444.447,2857.600,11473.600,824.500,420711.660,33837.810,294015.849,34.507,283.604
5.250,34.278,1.605,1.727,1.000,2.000,161.159,435.682,9380.552,288217.444,41.127,130.543,1245.047,32455.173,3256.850,11473.600,1104.750,420711.660,33871.890,294012.438,34.647,283.592
5.523,34.613,1.326,0.266,1.000,2.000,62.225,157.281,1057.412,79421.072,30.123,102.637,141.660,4655.427,134.000,3245.080,504.400,915.700,4929.847,80255.167,6.047,75.826
5.422,31.311,1.273,0.244,1.000,2.000,61.773,154.303,681.179,508.436,29.190,99.243,94.570,62.273,134.000,262.860,491.500,709.100,285.277,1208.693,1.627,3.216
5.523,32.659,1.295,0.390,1.000,2.000,61.467,150.140,720.817,439.943,29.597,100.227,98.843,53.120,134.000,262.860,484.350,709.100,281.787,1167.997,1.650,3.200
5.085,28.461,1.326,0.524,1.000,2.000,60.987,144.935,719.471,292.003,29.770,98.277,112.617,40.340,134.000,3245.080,484.350,698.140,281.003,1033.562,1.647,3.004
5.333,22.133,1.364,0.550,1.000,2.000,60.896,139.484,696.257,287.647,29.857,95.227,101.787,37.307,134.000,2749.120,451.800,697.020,264.177,1008.626,1.640,2.995
4.694,18.661,1.429,0.694,1.000,2.000,80.917,262.707,1198.862,2888.353,34.720,119.420,226.103,300.723,216.600,4001.220,697.050,2080.120,680.967,3902.039,2.383,6.758
4.936,20.315,1.447,0.715,1.000,2.000,81.045,259.012,1173.274,2883.955,34.910,117.483,219.370,292.797,216.600,3725.480,654.250,1957.440,664.560,3879.510,2.307,6.603
5.244,21.074,1.455,0.748,1.000,2.000,80.897,259.507,1173.274,2883.955,34.050,116.143,219.370,292.797,216.600,3725.480,654.250,1957.440,662.360,3879.830,2.260,6.605
5.156,20.398,1.511,0.872,1.000,2.600,60723.676,431.596,1212.882,2887.223,3547.660,133.190,246.000,306.460,2087.300,4362.340,706.150,2233.120,4233.310,61162.079,2.720,9.602
4.745,20.616,1.674,1.263,1.000,3.500,343368.719,1592.168,1961.603,3753.407,30871.037,267.760,385.800,511.297,3403.100,9840.340,1058.800,6283.440,32035.893,344895.967,9.180,78.878
4.294,18.953,1.620,1.196,1.000,3.100,343368.503,1592.014,1973.060,3753.299,30873.437,273.380,399.437,513.480,3529.050,9840.340,1058.800,6283.440,32059.733,344893.873,9.297,78.869
4.745,22.573,1.674,1.263,1.000,3.500,343368.591,1592.173,1973.060,3753.299,30872.453,269.757,399.437,513.480,3529.050,9840.340,1058.800,6283.440,32055.127,344894.298,9.260,78.872
4.809,26.665,1.574,1.010,1.000,3.000,343368.591,1592.726,1933.116,3752.096,30872.457,270.407,375.303,506.037,3403.100,9840.340,1006.800,6283.440,32024.203,344896.737,9.183,78.871
5.318,34.808,1.535,1.039,1.000,3.000,343368.507,1592.716,1912.145,3752.450,30873.397,273.127,343.013,499.363,2993.250,9840.340,1006.800,6283.440,31988.900,344899.816,9.160,78.873
5.488,41.552,1.524,1.059,1.000,3.000,343368.503,1592.529,1912.145,3752.450,30873.440,274.820,343.013,499.363,2993.250,9840.340,1006.800,6283.440,31990.637,344899.655,9.157,78.873
6.100,42.040,1.436,0.913,1.000,2.200,343368.975,1579.396,1653.140,2434.274,30868.133,252.790,218.697,235.947,268.150,4142.820,748.100,2302.760,31575.567,344916.738,8.407,78.705
5.878,40.400,1.475,0.949,1.000,3.000,343368.940,1579.642,1657.488,2436.834,30868.530,256.417,224.663,241.013,767.750,4142.820,750.700,2302.760,31590.623,344915.474,8.483,78.704
5.065,40.670,1.457,0.857,1.000,2.500,343368.672,1580.710,1657.488,2436.834,30871.517,266.453,224.663,241.013,767.750,4142.820,794.300,2302.760,31603.647,344914.301,8.627,78.699
4.792,37.748,1.429,0.612,1.000,2.200,571839.020,2651.332,1628.379,2432.593,54119.447,387.087,198.033,227.350,300.450,4128.060,794.300,2569.320,54931.917,574450.581,12.890,112.223
5.356,41.029,1.341,0.452,1.000,2.000,462661.618,2170.955,503.655,193.420,26792.853,249.787,60.407,20.320,174.000,816.540,548.400,1009.260,27123.367,464816.561,6.383,80.697
5.976,44.902,1.375,0.484,1.000,2.000,462661.684,2170.969,446.478,189.908,26791.707,247.213,46.770,18.137,162.600,691.320,524.200,1009.260,27103.827,464817.614,6.313,80.700
5.152,33.303,1.400,0.507,1.000,2.000,738562.806,3191.776,446.478,189.908,61595.163,409.173,46.770,18.137,175.150,1406.360,577.750,2229.920,62069.243,741729.665,14.130,150.686
5.000,24.851,1.413,0.503,1.000,2.000,738562.810,3191.528,446.478,189.908,61595.107,412.407,46.770,18.137,175.150,1406.360,630.950,2229.920,62072.420,741729.401,14.147,150.685
4.385,21.967,1.412,0.517,1.000,2.000,738562.744,3191.173,446.478,189.908,61595.907,414.127,46.770,18.137,174.000,1406.360,577.750,2229.920,62074.940,741729.189,14.183,150.681
4.073,16.540,1.407,0.501,1.000,2.000,738562.688,3191.011,446.478,189.908,61596.577,417.843,46.770,18.137,174.000,1406.360,585.350,2229.920,62079.327,741728.823,14.210,150.679
4.264,19.477,1.396,0.503,1.000,2.000,738562.707,3191.225,446.478,189.908,61596.347,415.750,46.770,18.137,174.000,1406.360,630.950,2229.920,62077.003,741729.018,14.190,150.681
4.130,13.854,1.453,0.625,1.000,2.800,738562.495,3190.919,534.408,209.047,61598.900,417.810,65.267,25.457,197.250,2606.840,655.200,2277.340,62107.433,741726.577,14.240,150.679
4.245,14.072,1.415,0.620,1.000,2.800,738562.694,3190.650,534.408,209.047,61596.507,411.547,65.267,25.457,162.600,2606.840,585.350,2277.340,62098.777,741727.294,14.143,150.683
4.490,15.583,1.420,0.644,1.000,3.000,577305.749,2354.429,534.408,209.047,34834.300,272.480,65.267,25.457,134.500,2536.300,547.750,1236.580,35197.503,579644.048,9.380,127.570
4.640,19.110,1.360,0.510,1.000,2.100,577305.777,2354.484,387.467,155.880,34833.847,272.957,36.863,14.750,134.000,212.760,524.200,801.500,35158.417,579646.181,9.283,127.570
4.385,16.391,1.385,0.621,1.000,2.900,661337.719,2911.591,387.467,155.880,64820.600,440.580,36.863,14.750,162.000,2994.960,644.500,2396.580,65312.793,664205.640,15.217,142.210
4.340,16.073,1.346,0.572,1.000,2.000,325841.624,1735.714,387.467,155.880,30019.543,286.370,36.863,14.750,134.000,775.900,548.800,882.800,30357.527,327548.263,7.513,63.608
4.321,15.916,1.340,0.564,1.000,2.000,325841.668,1735.672,548.485,357.413,30019.067,279.180,59.917,35.577,144.900,2543.140,548.800,1281.000,30393.740,327545.718,7.553,63.620
4.776,17.113,1.375,0.693,1.000,2.300,594733.323,2828.881,581.010,359.191,74623.153,477.537,71.203,37.763,162.600,29968.860,678.700,5785.080,75209.657,597557.776,14.870,106.093
4.510,14.681,1.400,0.800,1.000,3.000,594733.213,2829.064,613.111,360.907,74624.027,474.250,83.010,39.927,175.150,29968.860,678.700,5785.080,75221.213,597556.367,14.910,106.089
4.510,15.270,1.400,0.800,1.000,3.000,594733.095,2828.558,613.111,360.907,74624.970,478.503,83.010,39.927,175.150,29968.860,665.400,5785.080,75226.410,597555.714,14.953,106.083
4.569,17.657,1.314,0.607,1.000,2.000,594733.264,2829.371,586.995,398.075,74623.627,472.263,83.553,47.510,197.450,29968.860,692.350,5785.080,75226.953,597555.636,14.907,106.088
5.217,28.344,1.333,0.667,1.000,2.000,594733.470,2830.053,586.995,398.075,74621.983,465.070,83.553,47.510,197.450,29968.860,692.350,5785.080,75218.117,597556.745,14.817,106.099
5.378,39.657,1.318,0.626,1.000,2.000,594733.503,2830.149,586.995,398.075,74621.720,460.567,83.553,47.510,197.450,29968.860,649.750,5785.080,75213.350,597557.341,14.797,106.101
5.239,34.008,1.311,0.614,1.000,2.000,594733.429,2830.273,586.995,398.075,74622.310,459.790,83.553,47.510,197.450,29968.860,660.200,5785.080,75213.163,597557.365,14.810,106.099
5.422,34.955,1.273,0.471,1.000,2.000,500210.143,2254.674,586.995,398.075,44634.303,287.860,83.553,47.510,163.000,2866.320,583.450,1595.360,45053.227,502486.760,8.833,85.459
5.698,36.630,1.310,0.547,1.000,2.000,500210.020,2254.887,782.574,432.520,44635.707,281.297,129.500,63.507,188.450,3488.440,636.650,1975.720,45110.010,502482.257,8.893,85.475
6.225,50.224,1.308,0.572,1.000,2.000,500210.115,2255.129,681.855,291.191,44634.640,277.873,106.447,42.680,174.700,2879.060,583.450,1864.860,45061.640,502486.059,8.753,85.475
6.275,51.399,1.225,0.374,1.000,2.000,79.347,126.592,702.428,424.932,27.977,72.363,110.160,58.643,163.000,2679.560,497.850,705.520,269.143,1111.357,1.380,3.040
6.919,52.183,1.222,0.228,1.000,2.000,78.266,128.120,675.066,423.570,26.030,70.740,98.353,56.480,134.000,2633.860,492.200,705.520,251.603,1089.496,1.300,3.017
6.919,57.696,1.222,0.228,1.000,2.000,78.036,124.224,675.066,423.570,25.363,67.453,98.353,56.480,134.000,2633.860,428.150,705.520,247.650,1089.517,1.260,3.002
6.892,54.907,1.250,0.243,1.000,2.000,63.871,119.991,753.958,483.715,23.090,67.017,111.840,62.800,134.000,2585.840,405.150,670.460,264.747,1237.907,1.260,2.981
6.225,29.024,1.308,0.316,1.000,2.000,77.791,135.721,825.401,503.521,26.627,74.970,145.930,75.160,160.150,2805.260,544.150,1185.620,322.687,1326.469,1.427,3.161
5.698,26.630,1.310,0.309,1.000,2.000,79.482,161.743,861.644,519.345,28.360,86.467,160.727,82.773,174.700,2881.140,607.300,1324.980,358.327,1378.141,1.593,3.438
5.318,25.990,1.500,0.750,1.000,2.000,79.494,167.368,8020.306,277094.291,29.960,94.387,1052.703,30180.053,2902.350,10062.920,1884.050,176413.840,31357.103,282307.636,31.677,269.334
5.178,25.346,1.523,0.795,1.000,2.700,128.233,401.642,8887.507,277902.441,36.810,121.083,1367.143,31793.300,4442.050,12425.380,3062.200,407293.020,33318.337,283285.839,34.337,271.145
5.087,16.775,1.467,0.738,1.000,2.000,116.776,401.034,8903.917,277907.258,34.117,122.763,1364.493,32013.773,4442.050,13113.340,5348.500,407293.020,33535.147,283301.172,34.650,271.209
5.341,16.907,1.477,0.749,1.000,2.000,116.590,400.551,8903.917,277907.258,34.383,123.503,1364.493,32013.773,4442.050,13113.340,5348.500,407293.020,33536.153,283301.052,34.660,271.208
5.043,22.563,1.511,0.783,1.000,2.600,117.205,400.036,8906.656,277908.248,35.887,126.833,1370.533,32003.957,4449.550,13113.340,2857.000,407293.020,33537.210,283300.804,34.713,271.201
4.915,17.780,1.468,0.760,1.000,2.400,123.599,400.102,8909.019,277906.678,38.127,126.650,1406.340,32017.980,4717.550,13113.340,2949.150,407293.020,33589.097,283295.235,34.823,271.192
4.915,18.716,1.500,0.772,1.000,2.500,123.804,401.990,8909.019,277906.678,37.850,126.710,1406.340,32017.980,4717.550,13113.340,2949.150,407293.020,33588.880,283295.265,34.830,271.192
4.833,18.806,1.417,0.743,1.000,2.300,123.982,404.681,8906.565,277908.954,38.783,133.373,1373.870,31996.787,4700.000,13113.340,2730.850,407293.020,33542.813,283299.970,34.810,271.195
4.755,20.348,1.396,0.739,1.000,2.300,116.524,772.713,8969.546,277906.160,36.360,164.603,1406.573,32030.773,5667.550,15384.240,2949.150,407293.020,33638.310,283300.467,34.887,271.208
5.455,32.566,1.395,0.797,1.000,2.800,115.276,769.028,8968.315,277906.739,33.770,154.270,1401.817,32025.503,5667.550,15384.240,2949.150,407293.020,33615.360,283302.983,34.717,271.226
5.636,34.186,1.209,0.305,1.000,2.000,126.089,770.363,4188.104,23711.679,35.727,153.427,534.187,1938.920,248.650,5657.020,724.350,2506.460,2662.260,26549.286,4.790,34.899
5.682,37.671,1.163,0.229,1.000,1.800,76.178,679.637,1534.248,4171.102,29.467,128.573,219.747,325.673,163.550,3043.960,564.800,1193.220,703.460,5599.007,2.143,9.044
5.929,39.209,1.244,0.331,1.000,2.000,76.123,680.877,1344.876,848.990,30.230,134.943,176.450,89.203,160.150,2865.980,564.200,885.840,430.827,2807.452,1.750,4.782
5.721,33.829,1.256,0.330,1.000,2.000,75.968,681.583,1395.896,856.100,30.753,139.963,198.917,98.780,163.000,3043.960,622.250,1422.180,468.413,2849.994,1.853,4.887
5.744,32.004,1.262,0.336,1.000,2.000,75.623,682.374,1363.054,845.497,30.363,139.603,189.193,92.787,160.150,3019.660,622.200,1176.680,451.947,2817.032,1.803,4.789
5.767,32.132,1.238,0.324,1.000,2.000,64.670,682.447,1328.638,832.336,28.533,140.830,165.227,80.947,135.300,3019.660,572.650,844.680,415.537,2771.895,1.723,4.580
6.225,46.174,1.275,0.399,1.000,2.100,64.116,681.369,1328.638,832.336,28.497,141.237,165.227,80.947,134.000,3019.660,562.450,844.680,415.907,2771.461,1.713,4.540
6.282,46.972,1.447,0.826,1.000,3.000,77.193,680.528,1850.249,2358.738,30.177,137.820,285.163,220.550,163.550,4108.740,610.750,1242.340,673.710,4477.213,2.147,7.893
6.308,46.880,1.421,0.770,1.000,3.000,76.992,160.745,1455.559,2222.057,30.310,104.047,218.370,174.203,163.550,3492.420,604.100,1204.700,526.930,3642.359,1.960,7.005
5.152,29.955,1.400,0.729,1.000,3.000,78.021,170.780,4098.738,8919.096,31.700,109.677,536.977,851.383,2734.050,4635.800,742.800,2245.920,1529.737,12956.230,3.717,21.185
5.130,27.983,1.422,0.733,1.000,3.000,58.435,161.921,4090.254,8919.001,28.753,108.900,512.630,840.687,176.000,4516.240,609.000,2228.280,1490.970,12952.327,3.613,21.156
5.364,31.140,1.488,0.761,1.000,3.000,59.490,166.474,4090.254,8919.001,29.287,111.193,512.630,840.687,215.450,4516.240,667.250,2228.280,1493.797,12952.094,3.640,21.157
5.244,29.340,1.455,0.748,1.000,3.000,59.692,161.173,4090.254,8919.001,28.667,106.173,512.630,840.687,215.450,4516.240,667.250,2228.280,1488.157,12952.612,3.593,21.160
5.535,28.993,1.476,0.773,1.000,3.000,60.459,163.244,4074.854,8919.118,29.200,107.130,490.163,831.110,211.150,4146.960,661.150,1271.800,1457.603,12945.667,3.540,21.141
5.902,34.381,1.450,0.748,1.000,3.000,59.756,159.552,4071.484,8919.244,27.723,101.863,478.847,828.770,175.850,4146.960,606.850,1271.800,1437.203,12945.654,3.447,21.144
6.256,39.062,1.474,0.776,1.000,3.000,59.886,160.887,4067.899,8919.378,27.457,101.780,467.007,826.587,174.000,4146.960,603.050,1271.800,1422.830,12945.598,3.407,21.147
5.878,40.400,1.475,0.749,1.000,3.000,75.263,166.015,4076.820,8919.502,30.733,105.340,491.470,837.310,215.450,4492.920,667.250,2303.740,1464.853,12948.792,3.537,21.171
6.553,45.458,1.342,0.383,1.000,2.000,61.058,162.612,3867.921,8651.643,28.247,102.823,365.550,692.410,163.550,3640.860,590.500,1071.260,1189.030,12474.118,3.020,20.159
6.410,44.806,1.316,0.374,1.000,2.000,60.627,161.902,3867.921,8651.643,27.837,101.637,365.550,692.410,163.000,3640.860,590.500,1071.260,1187.433,12474.233,3.010,20.159
7.286,46.604,1.324,0.337,1.000,2.000,60.154,150.295,375.727,145.939,27.837,97.583,36.903,12.887,123.000,174.740,486.100,649.240,175.210,530.149,1.290,2.052
7.588,46.301,1.273,0.320,1.000,2.000,60.192,150.137,454.338,196.236,27.627,95.157,51.800,20.517,134.000,211.640,489.050,661.060,195.100,651.828,1.320,2.262
7.286,42.090,1.324,0.395,1.000,2.000,115.590,312.763,454.338,196.236,32.977,108.583,51.800,20.517,123.550,222.960,481.450,661.060,213.877,750.014,1.407,2.706
7.083,45.965,1.286,0.318,1.000,2.000,124.221,311.892,548.289,239.764,35.083,106.010,76.403,31.070,134.000,1770.300,522.950,724.260,248.567,867.448,1.483,2.898
6.730,45.386,1.378,0.668,1.000,2.000,124.165,311.257,548.289,239.764,36.150,109.907,76.403,31.070,134.000,1770.300,481.450,724.260,253.530,866.572,1.550,2.920
6.553,40.405,1.378,0.668,1.000,2.000,124.077,310.545,548.289,239.764,36.247,109.243,76.403,31.070,134.000,1770.300,481.450,724.260,252.963,866.277,1.560,2.914
6.000,29.317,1.350,0.628,1.000,2.000,123.846,309.361,1715.885,2340.381,36.647,109.043,188.397,175.103,134.000,2719.660,522.950,1093.260,509.190,4029.592,2.080,7.867
5.674,24.824,1.333,0.556,1.000,2.000,119.847,399.865,1706.317,2337.206,36.510,125.993,181.607,168.903,134.000,2719.660,479.050,2234.120,513.013,4032.302,2.047,7.821
5.674,23.568,1.333,0.556,1.000,2.000,119.904,399.844,1710.865,2358.020,35.840,123.087,189.453,187.547,134.000,2719.620,483.050,2300.800,535.927,4055.243,2.073,7.877
6.000,28.049,1.350,0.578,1.000,2.000,119.878,398.790,1710.865,2358.020,34.737,117.470,189.453,187.547,134.000,2719.620,479.050,2300.800,529.207,4055.769,2.017,7.878
6.024,28.999,1.325,0.569,1.000,2.000,119.899,401.133,1710.865,2358.020,34.470,120.193,189.453,187.547,134.000,2719.620,530.000,2300.800,531.663,4055.800,1.997,7.878
5.581,29.081,1.429,0.721,1.000,2.000,128.428,401.415,1719.420,2358.218,37.377,121.940,199.423,190.457,163.550,2722.560,530.000,2361.560,549.197,4062.050,2.070,7.913
5.356,24.451,1.341,0.634,1.000,2.000,82.155,295.997,1719.420,2358.218,32.827,113.477,199.423,190.457,163.550,2722.560,574.750,2235.360,536.183,4046.302,2.033,7.783
5.651,23.902,1.326,0.638,1.000,2.000,67.935,296.549,1693.594,2354.905,30.777,116.637,174.820,179.903,134.850,2362.920,481.400,957.440,502.137,4025.106,1.967,7.714
5.767,25.155,1.238,0.324,1.000,2.000,67.466,295.740,1713.919,2356.418,29.053,109.177,190.883,187.360,134.850,2722.560,634.300,1612.080,516.473,4039.672,1.937,7.756
5.614,22.192,1.233,0.318,1.000,2.000,67.808,297.834,1723.801,2356.545,29.490,113.690,202.200,189.533,163.000,3440.900,640.300,1612.080,534.913,4046.423,1.980,7.771
6.073,21.482,1.275,0.349,1.000,2.000,67.651,298.437,607.514,373.896,28.377,111.700,102.290,49.690,151.600,2716.660,634.300,934.700,292.057,974.191,1.463,2.617
6.684,22.900,1.211,0.324,1.000,2.000,59.098,153.034,558.147,370.342,25.150,89.063,84.617,45.167,134.000,2362.920,603.200,856.440,243.997,863.451,1.353,2.470
6.462,26.043,1.263,0.352,1.000,2.000,59.858,158.698,590.520,221.422,26.227,96.147,82.747,31.803,134.500,872.340,572.600,856.440,236.923,824.156,1.390,2.510
6.275,25.199,1.256,0.345,1.000,2.000,60.070,163.899,590.520,221.422,27.997,104.860,82.747,31.803,134.500,872.340,603.200,856.440,247.407,823.788,1.473,2.509
5.881,25.867,1.293,0.402,1.000,2.000,60.097,163.978,665.670,334.700,28.483,106.173,107.350,51.837,151.600,2716.660,610.250,934.700,293.843,988.716,1.630,2.939
6.487,26.506,1.237,0.286,1.000,2.000,38.932,168.765,589.948,305.790,25.577,104.577,82.483,41.297,134.500,223.640,607.100,878.540,253.933,883.343,1.510,2.728
6.757,26.238,1.351,0.552,1.000,2.400,534539.345,2228.726,664.349,325.311,60795.843,348.203,107.417,52.023,163.550,4748.160,671.550,2186.940,61303.487,536716.569,10.560,84.517
7.294,35.325,1.486,1.621,1.000,2.600,558699.332,2350.542,664.349,325.311,70399.867,395.840,107.417,52.023,174.500,4819.400,729.000,2274.380,70955.147,560994.382,11.823,87.157
6.649,35.471,1.500,1.583,1.000,2.500,558699.203,2349.888,607.800,310.936,70400.887,402.377,91.353,44.567,174.000,4819.400,720.200,2274.380,70939.183,560996.283,11.820,87.153
6.421,34.717,1.514,1.547,1.000,2.400,558699.101,2349.602,577.010,308.955,70401.697,403.797,80.037,42.393,163.000,4819.400,693.400,2274.380,70927.923,560997.643,11.830,87.150
6.622,45.316,1.528,1.583,1.000,2.500,558699.046,2349.614,542.465,305.212,70402.133,402.860,67.953,38.203,163.000,4819.400,693.400,2274.380,70911.150,560999.711,11.820,87.152
6.833,47.250,1.543,1.620,1.000,2.600,558699.136,2349.614,542.465,305.212,70401.420,400.937,67.953,38.203,163.000,4819.400,670.150,2274.380,70908.513,561000.042,11.793,87.155
6.128,45.189,1.605,1.660,1.000,3.000,558699.002,2349.202,548.868,360.619,70402.487,402.747,76.530,46.193,160.150,4738.360,693.400,3985.460,70927.957,560997.675,11.880,87.147
5.372,38.559,1.643,1.563,1.000,3.000,646502.927,2972.162,548.868,360.619,89452.353,513.743,76.530,46.193,164.050,62334.560,730.100,4479.700,90088.820,649399.343,16.723,120.229
5.500,38.440,1.643,1.563,1.000,3.000,646502.848,2972.362,558.787,483.541,89452.923,518.607,71.010,49.880,164.050,63236.160,730.100,7237.420,90092.420,649399.024,16.773,120.232
5.500,38.488,1.683,1.534,2.000,3.000,646502.801,2971.965,558.787,483.541,89453.267,519.133,71.010,49.880,184.000,63236.160,692.000,7237.420,90093.290,649398.901,16.773,120.231
5.850,40.777,1.650,0.927,2.000,3.000,368397.266,1994.214,555.303,488.875,28683.980,265.163,70.333,49.700,134.000,2563.600,478.000,2073.240,29069.177,370363.264,7.723,86.215
5.805,44.791,1.550,0.798,1.000,2.100,329397.451,1845.918,555.303,488.875,19078.690,212.607,70.333,49.700,134.000,770.100,444.400,980.860,19411.330,331225.943,6.397,83.486
5.925,40.419,1.575,0.794,1.400,2.100,329397.457,1845.818,555.303,488.875,19078.603,208.887,70.333,49.700,134.000,770.100,438.700,980.860,19407.523,331226.163,6.387,83.487
5.925,35.469,1.615,0.852,1.800,3.000,329397.482,1846.117,555.303,488.875,19078.157,209.177,70.333,49.700,134.000,770.100,471.050,980.860,19407.367,331226.174,6.373,83.488
5.780,34.562,1.575,0.844,1.000,3.000,329397.428,1846.202,555.303,488.875,19079.100,213.407,70.333,49.700,134.000,770.100,472.250,980.860,19412.540,331225.875,6.413,83.485
5.442,27.084,1.571,0.816,1.000,2.900,329397.349,1846.912,555.303,488.875,19080.470,221.657,70.333,49.700,134.000,770.100,523.400,1081.800,19422.160,331225.323,6.483,83.482
5.558,27.409,1.452,0.676,1.000,2.000,603156.918,2706.525,548.812,449.625,48364.517,343.317,61.750,41.710,134.000,770.100,552.500,2189.200,48811.293,605803.660,13.013,140.729
6.256,27.986,1.436,0.656,1.000,2.000,506370.800,1993.071,684.232,478.546,29314.393,231.153,86.070,53.237,135.450,770.100,552.500,1430.360,29684.853,508343.808,8.220,113.616
6.125,27.409,1.375,0.584,1.000,2.000,506370.876,1991.888,638.450,258.733,29313.070,220.563,84.927,35.270,135.450,2507.640,532.050,1025.020,29653.830,508345.153,8.047,113.607
6.308,28.264,1.421,0.770,1.000,2.000,506370.825,1992.040,674.368,266.137,29313.990,216.000,103.273,40.537,163.550,2665.100,557.900,1182.920,29673.800,508344.097,8.027,113.609
6.605,21.239,1.324,0.435,1.000,2.000,506370.968,1991.882,604.248,230.397,29311.497,218.700,79.017,29.990,134.000,2510.060,494.900,1077.080,29639.203,508345.933,7.947,113.609
5.721,20.527,1.286,0.395,1.000,2.000,506370.828,1991.809,604.248,230.397,29313.907,227.247,79.017,29.990,134.000,2510.060,552.500,1077.080,29650.160,508345.299,8.070,113.603
6.225,20.824,1.244,0.331,1.000,2.000,506370.898,1992.291,656.710,257.632,29312.697,225.627,94.640,39.580,135.450,2665.100,673.500,1283.860,29672.543,508344.155,8.080,113.610
5.326,19.220,1.222,0.306,1.000,2.000,506370.803,1991.986,684.552,267.127,29314.343,228.927,106.137,43.797,174.500,2915.180,673.500,1375.020,29693.203,508343.028,8.183,113.606
5.239,18.617,1.283,0.377,1.000,2.000,506370.760,1991.911,712.479,269.786,29315.097,233.490,117.920,46.133,184.000,2935.300,673.500,1375.020,29712.640,508341.965,8.257,113.603
4.898,18.132,1.250,0.354,1.000,2.000,985001.328,4109.833,712.479,269.786,113301.603,587.627,117.920,46.133,217.450,4681.800,915.700,2495.560,114053.283,989082.950,21.430,175.763
5.261,21.193,1.289,0.383,1.000,2.000,847782.620,3611.094,640.274,238.317,84016.560,461.133,99.510,38.690,184.950,3490.720,732.400,1392.400,84615.893,851375.298,14.753,134.795
5.422,24.111,1.273,0.380,1.000,2.000,847782.572,3611.245,493.585,172.094,84017.037,458.680,75.190,27.163,174.500,2935.300,616.850,1375.020,84578.070,851378.859,14.703,134.796
5.857,27.265,1.317,0.412,1.000,2.000,847782.351,3611.343,538.179,233.991,84019.283,458.137,81.660,34.250,184.000,3490.720,616.850,1392.400,84593.330,851377.435,14.737,134.797
5.929,35.304,1.244,0.233,1.000,2.000,847782.634,3611.675,491.620,225.387,84016.420,452.967,63.313,28.983,163.550,3490.720,567.400,1392.400,84561.683,851380.511,14.660,134.804
6.024,41.048,1.293,0.305,1.000,2.000,847782.655,3612.351,568.935,310.991,84016.207,445.683,87.623,49.097,184.000,3579.860,656.000,2196.960,84598.610,851376.974,14.683,134.806
6.730,45.495,1.378,0.614,1.000,2.000,847782.845,3612.791,919.290,377.008,84014.293,440.610,144.797,63.887,217.450,4662.020,757.450,2259.720,84663.587,851370.981,14.687,134.810
6.553,45.458,1.378,0.614,1.000,2.000,847782.817,3612.720,883.464,359.597,84014.570,438.800,129.173,54.297,185.500,3834.880,656.000,2212.680,84636.840,851373.543,14.623,134.809
7.969,47.405,1.452,0.699,1.000,2.000,847782.937,3613.072,862.377,352.726,84013.360,435.723,117.677,50.080,174.000,3834.880,582.850,2212.680,84616.840,851375.484,14.550,134.816
8.355,52.100,1.367,0.632,1.000,2.000,847783.051,3613.541,839.449,350.723,84012.207,430.323,105.893,47.743,174.000,3834.880,649.250,2212.680,84596.167,851377.495,14.470,134.824
8.600,48.707,1.448,0.661,1.000,2.000,81.783,138.352,894.397,376.310,27.917,70.937,131.210,58.427,160.000,2928.240,509.450,984.560,288.490,1224.782,1.373,3.052
8.161,51.877,1.567,1.312,1.000,2.000,96.190,220.011,1265.761,674.954,31.193,77.500,255.530,123.790,892.450,5265.940,695.150,2730.120,488.013,1945.025,1.680,3.899
8.129,47.209,1.548,1.280,1.000,2.000,399657.807,2281.495,1265.761,674.954,23144.717,205.583,255.530,123.790,2037.900,5508.860,757.300,3040.980,23729.620,401911.574,6.720,87.948
8.161,35.619,1.567,1.379,1.000,2.100,399657.924,2285.318,1232.275,654.117,23142.637,213.263,231.120,110.950,591.050,5508.860,695.150,2741.100,23697.970,401913.162,6.660,87.944
8.161,34.135,1.567,1.379,1.000,2.100,399657.901,2285.266,1232.275,654.117,23143.037,216.833,231.120,110.950,591.050,5508.860,695.150,2741.100,23701.940,401912.930,6.680,87.943
7.114,26.044,1.457,0.877,1.000,2.000,399657.839,2285.122,1201.450,620.033,23144.097,226.320,206.810,90.837,176.000,5508.860,653.050,2510.360,23668.063,401914.652,6.700,87.936
6.676,24.273,1.432,0.840,1.000,2.000,399657.800,2285.259,1410.235,65436.464,23144.780,226.820,244.850,3872.267,280.600,5508.860,654.050,2727.320,27488.717,407111.100,10.300,107.488
6.282,24.561,1.447,0.826,1.000,2.000,399657.701,2285.305,1457.879,65435.486,23146.527,226.770,289.960,3896.473,2543.750,5511.800,696.200,2904.600,27559.730,407106.872,10.463,107.491
5.714,22.490,1.463,0.834,1.000,2.000,399657.593,2285.153,1969.755,65434.149,23148.403,226.230,429.190,3935.493,3392.050,8981.500,1006.000,3640.940,27739.317,407098.404,10.777,107.510
5.558,17.782,1.452,0.819,1.000,2.000,399657.656,2284.936,1994.106,65471.354,23147.327,221.613,448.650,4076.960,3520.450,8981.500,1578.550,4679.280,27894.550,407097.333,10.963,107.572
5.605,16.006,1.405,0.812,1.000,2.000,399657.742,2285.213,1974.148,65471.868,23145.780,224.660,423.333,4066.277,3392.050,8981.500,968.000,4679.280,27860.050,407099.359,10.907,107.569
5.762,15.991,1.381,0.617,1.000,2.000,399657.897,2279.250,1771.095,65473.406,23143.053,222.300,299.013,4000.913,203.700,5900.660,667.300,2937.480,27665.280,407109.651,10.650,107.564
5.651,16.832,1.326,0.545,1.000,2.000,66.118,205.216,1771.095,65473.406,28.520,92.103,299.013,4000.913,174.000,5517.540,655.450,2890.740,4420.550,66272.968,5.567,62.372
5.545,16.930,1.302,0.537,1.000,2.000,79.224,150.042,1794.237,65472.910,30.477,84.670,323.680,4011.463,203.700,5517.540,667.300,2890.740,4450.290,66272.799,5.627,62.381
5.523,17.249,1.295,0.526,1.000,2.000,79.298,153.887,1794.237,65472.910,30.963,87.840,323.680,4011.463,203.700,5517.540,732.300,2890.740,4453.947,66272.573,5.667,62.380
5.721,18.155,1.286,0.537,1.000,2.000,79.027,148.085,1794.237,65472.910,30.297,83.883,323.680,4011.463,203.700,5517.540,732.300,2890.740,4449.323,66272.859,5.623,62.381
5.721,15.922,1.286,0.585,1.000,2.000,77.984,153.617,1489.032,2488.935,30.727,89.937,241.180,225.490,160.700,4517.940,729.050,2656.520,587.333,3376.031,2.040,6.056
6.073,18.409,1.275,0.599,1.000,2.000,65.668,154.999,1490.209,2480.397,28.437,90.027,218.970,208.887,158.100,4517.940,581.800,1666.100,546.320,3349.189,1.930,5.862
6.513,24.045,1.211,0.535,1.000,1.300,59.184,153.174,695.707,2457.700,24.790,84.393,107.990,177.880,135.200,2710.720,541.950,927.180,395.053,2904.995,1.573,4.933
6.325,24.519,1.205,0.522,1.000,1.200,59.842,157.757,641.848,260.403,25.733,89.313,100.310,38.587,158.100,2710.720,541.950,842.720,253.943,898.464,1.393,2.726
6.462,23.684,1.231,0.536,1.000,2.000,57.978,148.903,738.938,2330.767,23.730,83.887,125.943,184.997,135.300,2998.700,580.100,930.400,418.557,2598.799,1.603,4.453
6.220,22.854,1.125,0.159,1.000,1.100,57.771,141.079,738.938,2330.767,22.977,78.667,125.943,184.997,135.300,2998.700,514.400,930.400,412.583,2598.931,1.543,4.424
6.375,21.534,1.154,0.181,1.000,2.000,57.750,144.168,738.938,2330.767,23.463,81.560,125.943,184.997,135.300,2998.700,578.050,930.400,415.963,2598.745,1.580,4.434
5.929,20.066,1.214,0.264,1.000,2.000,57.921,149.740,738.440,2330.815,24.770,87.260,125.847,185.160,135.300,2998.700,580.100,1086.220,423.037,2598.161,1.650,4.446
5.378,18.724,1.318,0.353,1.000,2.000,59.633,714.311,738.440,2330.815,26.540,134.633,125.847,185.160,160.150,2998.700,605.900,1107.980,472.180,2688.099,1.770,4.548
5.356,18.140,1.283,0.333,1.000,2.000,59.558,714.911,768.421,2334.194,27.293,142.253,138.567,193.067,163.550,3377.720,623.200,1664.600,501.180,2710.651,1.883,4.732
5.304,16.864,1.244,0.274,1.000,2.000,59.694,714.557,738.474,2328.265,26.627,136.160,125.853,182.820,135.300,2998.700,601.200,1107.980,471.460,2686.179,1.787,4.647
4.918,14.565,1.229,0.260,1.000,2.000,59.487,716.709,629.701,2326.621,28.637,147.877,102.953,175.217,134.000,2739.140,601.200,1086.220,454.683,2645.639,1.810,4.523
4.800,8.960,1.224,0.256,1.000,2.000,74.103,716.321,642.926,2331.396,31.953,149.283,99.230,179.897,134.000,2621.300,584.850,1115.800,460.363,2678.478,1.893,4.737
4.837,10.218,1.312,0.423,1.000,2.000,73.869,715.900,675.700,2970.723,31.640,148.053,112.710,295.860,160.150,2621.300,627.900,2577.600,588.263,3291.064,2.090,5.382
5.106,12.053,1.304,0.429,1.000,2.000,74.255,715.633,567.301,1868.956,32.050,147.413,87.077,149.450,135.300,2048.640,585.950,1120.720,415.990,2222.818,1.803,4.032
5.400,13.262,1.295,0.435,1.000,2.000,74.342,715.931,1078.855,64601.231,31.107,144.220,169.553,3896.413,163.000,2894.140,627.900,2577.600,4241.293,65358.730,5.400,61.142
5.149,14.169,1.261,0.410,1.000,2.000,75.170,716.778,1078.855,64601.231,31.020,144.617,169.553,3896.413,163.550,2894.140,627.900,2577.600,4241.603,65358.725,5.383,61.144
5.062,14.184,1.213,0.338,1.000,2.000,602487.612,2861.295,1036.605,64601.722,56290.310,407.587,144.983,3885.700,174.000,4605.720,925.100,3444.080,60728.580,608399.098,14.923,118.680
5.370,13.711,1.152,0.259,1.000,1.500,602487.741,2779.338,1036.605,64601.722,56288.933,357.820,144.983,3885.700,174.000,4605.720,617.450,2958.280,60677.437,608403.772,14.803,118.689
5.533,14.116,1.159,0.270,1.000,1.700,602487.837,2779.924,1014.661,64602.052,56287.903,355.893,132.263,3877.793,163.550,4605.720,653.850,2958.280,60653.853,608406.005,14.687,118.694
5.370,16.711,1.178,0.280,1.000,2.000,602487.817,2779.914,1014.661,64602.052,56288.123,358.250,132.263,3877.793,174.000,4605.720,653.850,2958.280,60656.430,608405.750,14.720,118.693
5.628,16.745,1.349,0.692,1.000,2.000,602487.451,2779.671,1062.120,64601.403,56292.057,359.457,163.023,3892.910,269.000,4720.380,845.600,3084.700,60707.447,608400.895,14.910,118.681
5.174,15.709,1.378,0.724,1.000,2.000,602486.628,2789.611,1018.710,64601.930,56301.123,382.237,138.497,3880.217,204.850,4589.340,845.600,3226.660,60702.073,608401.331,14.927,118.674
5.651,24.785,1.357,0.658,1.000,2.000,602485.849,2798.009,978.820,64582.242,56309.637,400.723,113.237,3762.080,184.950,3109.540,823.150,3226.660,60585.677,608409.896,14.777,118.667
5.477,22.704,1.341,0.634,1.000,2.000,602485.767,2797.683,978.820,64582.242,56310.523,408.053,113.237,3762.080,184.950,3109.540,823.150,3226.660,60593.893,608409.082,14.830,118.661
5.217,20.561,1.333,0.622,1.000,2.000,602485.659,2797.259,326.650,182.477,56311.680,414.007,30.760,15.117,174.000,2440.880,651.650,3083.860,56771.563,605248.366,11.230,102.109
5.043,19.275,1.370,0.624,1.000,2.000,602484.650,2805.381,326.650,182.477,56322.753,434.650,30.760,15.117,163.550,2543.880,823.150,3224.860,56803.280,605245.525,11.323,102.102
5.244,18.540,1.391,0.629,1.000,2.000,290.531,461.292,326.650,182.477,62.033,174.953,30.760,15.117,160.150,846.620,649.000,2649.320,282.863,865.789,1.747,2.888
5.021,17.978,1.391,0.629,1.000,2.000,290.441,461.746,326.650,182.477,61.907,177.990,30.760,15.117,160.150,846.620,649.000,2649.320,285.773,865.833,1.757,2.886
5.289,18.650,1.409,0.651,1.000,2.000,290.557,459.019,326.650,182.477,61.117,166.987,30.760,15.117,160.150,846.620,631.050,2649.320,273.980,865.282,1.703,2.892
4.957,18.168,1.457,0.639,1.000,2.000,292.970,456.883,1039.106,236.399,63.653,168.543,118.670,30.310,174.500,2592.880,649.050,2649.320,381.177,1369.591,1.850,3.148
5.378,24.146,1.318,0.308,1.000,2.000,289.739,454.232,1035.145,200.551,57.807,154.687,105.850,22.823,144.950,2592.880,632.850,2579.300,341.167,1344.536,1.643,3.031
5.628,22.885,1.349,0.413,1.000,2.000,299780.180,1535.795,1035.145,200.551,26957.620,276.923,105.850,22.823,163.000,3174.080,649.050,2649.320,27363.217,301243.445,8.727,87.466
5.106,15.372,1.277,0.328,1.000,2.000,299780.849,1542.787,1075.474,257.460,26949.810,275.767,123.080,32.237,163.000,4658.420,649.050,2826.700,27380.893,301242.103,8.763,87.463
5.545,22.884,1.302,0.350,1.000,2.000,299780.989,1542.978,1075.474,257.460,26948.247,265.360,123.080,32.237,144.950,4658.420,631.900,2826.700,27368.923,301243.179,8.680,87.469
6.024,33.975,1.325,0.369,1.000,2.000,299781.133,1543.046,1075.474,257.460,26946.643,259.060,123.080,32.237,144.950,4658.420,587.250,2826.700,27361.020,301243.890,8.623,87.474
5.786,33.787,1.390,0.433,1.000,2.000,299781.132,1545.025,1106.176,274.983,26946.657,260.803,138.710,39.693,163.000,4658.420,649.050,2829.440,27385.863,301241.916,8.707,87.473
6.256,36.601,1.436,0.605,1.000,2.000,299781.038,1544.437,1157.634,320.652,26947.730,255.637,166.340,51.323,529.600,5173.260,650.050,3091.100,27421.030,301239.181,8.737,87.476
5.927,34.800,1.425,0.594,1.000,2.000,299781.016,1544.383,1167.307,336.434,26947.980,257.027,175.587,57.387,752.750,5173.260,664.650,3091.100,27437.980,301237.755,8.777,87.474
6.282,50.151,1.447,0.616,1.000,2.000,299781.057,1544.248,1167.307,336.434,26947.523,258.860,175.587,57.387,752.750,5173.260,664.650,3091.100,27439.357,301237.631,8.770,87.474
6.526,51.618,1.405,0.619,1.000,2.000,299781.207,1544.289,632.117,302.364,26945.823,262.347,87.677,42.193,144.950,4628.040,544.050,3091.100,27338.040,301244.855,8.653,87.472
5.854,43.735,1.463,0.736,1.000,2.000,299780.015,1566.478,609.390,290.394,26959.993,290.147,85.017,42.160,174.000,4514.100,776.100,3115.140,27377.317,301241.611,8.843,87.475
5.927,45.873,1.425,0.594,1.000,2.000,287.318,786.669,936.216,739.928,49.833,190.617,127.583,81.830,134.500,3163.020,632.950,2829.340,449.863,1879.293,1.827,3.746
6.256,57.421,1.474,0.618,1.000,2.000,287.637,737.246,889.684,722.746,50.033,174.913,110.353,72.417,145.500,2900.080,583.250,1819.840,407.717,1808.947,1.723,3.604
5.222,44.173,1.477,0.613,1.000,2.000,290.677,738.660,939.226,741.954,54.087,186.533,134.887,85.100,210.000,3163.020,656.150,1885.600,460.607,1866.501,1.917,3.861
4.915,35.737,1.468,0.589,1.000,2.000,290.627,742.769,939.226,741.954,55.867,200.467,134.887,85.100,210.000,3163.020,909.700,1885.600,476.320,1866.269,2.003,3.870
5.289,35.761,1.409,0.560,1.000,2.000,232.190,699.137,902.798,736.099,45.303,179.103,119.257,77.643,174.000,2776.420,632.950,1649.460,421.307,1788.083,1.857,3.652
5.356,38.229,1.341,0.407,1.000,2.000,228.090,701.298,834.236,717.811,43.287,184.207,91.627,66.013,134.500,825.060,626.300,1207.940,385.133,1716.603,1.783,3.487
5.698,40.676,1.310,0.404,1.000,2.000,227.965,701.282,819.701,710.624,41.960,178.787,82.380,59.950,120.700,442.100,602.250,1196.060,363.077,1700.013,1.700,3.464
5.500,31.568,1.318,0.399,1.000,2.000,228.154,702.488,819.701,710.624,43.873,184.297,82.380,59.950,134.000,442.100,626.300,1196.060,370.500,1700.069,1.800,3.528
5.545,32.248,1.302,0.397,1.000,2.000,228.348,701.457,819.701,710.624,43.470,177.587,82.380,59.950,134.000,442.100,602.250,1196.060,363.387,1700.282,1.770,3.536
5.857,36.599,1.317,0.558,1.000,2.000,75.389,647.078,835.824,719.519,33.413,158.767,97.913,65.710,160.000,857.400,602.550,985.660,355.803,1652.659,1.717,3.051
6.410,40.293,1.316,0.584,1.000,2.000,75.123,190.774,436.957,230.790,31.633,112.397,55.347,26.040,134.000,790.660,521.650,958.540,225.417,696.988,1.510,2.595
6.436,52.810,1.289,0.574,1.000,2.000,73.707,186.974,436.957,230.790,30.900,109.297,55.347,26.040,120.700,790.660,516.200,958.540,221.583,695.695,1.503,2.575
7.559,65.188,1.303,0.635,1.000,2.000,69.843,331.016,354.050,202.304,30.873,127.297,40.753,21.007,120.700,258.520,516.200,959.200,219.930,760.712,1.497,2.802
8.419,76.631,1.300,0.677,1.000,2.000,69.304,319.799,354.050,202.304,29.893,118.520,40.753,21.007,120.000,258.520,497.350,772.260,210.173,755.988,1.450,2.769
9.103,82.851,1.286,0.704,1.000,2.000,69.304,318.767,354.050,202.304,28.960,115.483,40.753,21.007,120.700,258.520,489.750,772.260,206.203,755.759,1.403,2.758
9.321,82.504,1.444,0.988,1.000,2.400,69.360,313.062,354.050,202.304,29.493,112.847,40.753,21.007,120.700,258.520,436.000,723.920,204.100,753.165,1.420,2.756
8.226,79.723,1.452,0.893,1.000,2.000,82.540,314.179,818.014,1363.273,33.937,119.507,96.580,108.273,134.000,858.740,478.550,932.520,358.297,2218.946,1.783,4.557
7.667,77.919,1.469,0.937,1.000,2.900,81.945,313.772,910.886,1364.026,32.690,117.493,128.700,112.780,134.000,2923.120,518.950,929.060,391.663,2262.218,1.770,4.546
7.382,70.060,1.485,0.916,1.000,2.800,81.757,313.887,910.886,1364.026,32.797,117.153,128.700,112.780,134.000,2923.120,576.600,929.060,391.430,2262.239,1.787,4.567
8.226,75.659,1.406,0.554,1.000,2.000,67.380,310.346,937.804,1359.387,28.853,109.163,120.110,106.883,134.000,538.780,435.650,932.960,365.010,2267.473,1.660,4.526
7.412,42.360,1.412,0.536,1.000,2.000,67.547,315.132,937.804,1359.387,30.233,116.300,120.110,106.883,134.000,538.780,471.700,971.180,373.527,2267.373,1.730,4.532
7.143,39.494,1.429,0.531,1.000,2.000,67.441,317.283,937.804,1359.387,29.920,118.800,120.110,106.883,134.000,538.780,575.000,971.180,375.713,2267.508,1.733,4.535
6.526,29.144,1.405,0.457,1.000,2.000,56.338,152.541,966.783,1358.127,27.227,97.063,127.643,109.027,134.000,225.180,562.650,971.180,360.960,2230.202,1.693,4.317
6.526,35.828,1.405,0.457,1.000,2.000,56.691,149.441,966.783,1358.127,26.607,92.230,127.643,109.027,134.000,225.180,529.700,971.180,355.507,2230.590,1.653,4.324
6.526,41.934,1.405,0.457,1.000,2.000,56.841,154.015,966.783,1358.127,26.160,92.387,127.643,109.027,134.000,225.180,562.650,971.180,355.217,2231.057,1.653,4.360
6.605,39.449,1.324,0.273,1.000,2.000,72.171,154.537,1011.820,1368.437,26.587,85.777,152.087,122.037,134.000,3445.220,607.200,1130.300,386.487,2275.647,1.657,4.519
7.529,41.896,1.294,0.208,1.000,2.000,57.305,152.475,697.267,239.658,22.723,79.680,96.260,34.770,134.000,842.460,529.700,929.780,233.433,912.005,1.320,2.733
7.529,38.602,1.333,0.222,1.000,2.000,57.680,150.419,674.525,2743.297,23.170,80.677,93.997,196.033,134.000,842.460,529.700,1130.300,393.877,3084.136,1.590,5.143
8.094,38.085,1.281,0.202,1.000,2.000,56.225,153.420,674.525,2743.297,21.820,82.540,93.997,196.033,134.000,842.460,523.250,1130.300,394.390,3084.154,1.533,5.106
7.371,36.462,1.235,0.180,1.000,2.000,56.294,154.876,560.062,2742.018,22.487,86.543,71.773,188.573,120.000,225.880,503.950,874.900,369.377,3050.325,1.493,4.994
7.588,37.948,1.235,0.180,1.000,2.000,72.648,148.232,617.824,2744.523,24.150,82.867,87.100,196.013,134.000,853.240,503.950,881.380,390.130,3073.463,1.523,5.091
8.419,49.598,1.300,0.410,1.000,2.000,72.475,148.565,634.718,2744.916,24.063,82.633,96.293,201.240,134.000,2533.460,522.300,1034.260,404.230,3079.226,1.527,5.091
8.156,59.507,1.258,0.385,1.000,2.000,72.165,147.446,565.000,2742.957,22.950,78.943,78.820,191.447,134.000,853.240,492.500,774.020,372.160,3055.564,1.417,4.972
6.972,45.027,1.400,0.754,1.000,2.000,74.445,175.680,1086.087,4380.496,26.130,94.773,170.613,409.503,160.000,3913.100,645.050,1599.900,701.020,5230.493,2.033,7.979
