mean_silence_duration,variance_silence_duration,mean_activity_duration,variance_activity_duration,30_quartile_activity_duration,60_quartile_activity_duration,90_quartile_activity_duration,tcp_upload_bytes_std_dev,tcp_download_bytes_std_dev,udp_upload_bytes_std_dev,udp_download_bytes_std_dev,tcp_upload_bytes_mean,tcp_download_bytes_mean,udp_upload_bytes_mean,udp_download_bytes_mean,95_percentile_upload_bytes,98_percentile_upload_bytes,95_percentile_download_bytes,98_percentile_download_bytes,bytes_mean,bytes_std_dev,packets_mean,packets_std_dev
9.214,102.740,1.500,0.821,1.000,1.000,2.300,57.244,140.173,1935.232,95954.571,17.637,53.803,306.107,6954.563,921.600,3239.040,859.400,9706.620,7332.110,97236.783,7.913,89.738
8.467,95.582,1.586,1.001,1.000,1.000,3.000,58.611,152.980,2234.770,95952.288,19.503,60.520,436.623,6992.230,2179.200,7357.460,1271.750,9706.620,7508.877,97234.209,8.337,89.752
7.844,93.319,1.581,0.953,1.000,1.000,3.000,59.766,148.388,2248.605,95951.572,20.213,60.230,464.500,7002.963,2259.800,7357.460,1590.400,9706.620,7547.907,97232.045,8.417,89.748
6.861,79.120,1.514,0.878,1.000,1.000,2.600,72.385,152.524,2255.933,95951.198,22.717,66.587,482.800,7008.413,2696.750,7357.460,1590.400,9706.620,7580.517,97230.125,8.513,89.742
6.944,77.164,1.429,0.816,1.000,1.000,2.000,57.021,155.762,2240.729,95952.112,20.203,67.377,451.647,6994.777,2185.700,7357.460,1190.050,9706.620,7534.003,97232.741,8.400,89.745
6.368,65.443,1.568,1.327,1.000,1.000,2.400,84.287,502.204,2573.824,127397.938,24.547,95.797,601.837,11962.467,3240.600,10339.420,2052.650,19980.880,12684.647,129005.537,13.433,119.873
6.342,62.699,1.595,1.430,1.000,1.000,2.800,84.245,498.525,2661.621,127394.692,24.060,90.357,674.797,12000.993,4201.050,10339.420,2396.950,19980.880,12790.207,128999.390,13.620,119.868
6.103,46.092,1.590,1.370,1.000,1.000,2.400,84.063,525.942,2907.280,127456.297,23.207,96.343,821.837,12381.660,5694.400,12750.040,3284.950,23770.920,13323.047,129092.522,14.397,120.154
5.595,30.527,1.585,1.316,1.000,1.000,2.000,84.667,526.068,2933.852,128191.017,24.493,99.087,859.630,13223.537,5976.700,12750.040,3699.650,37440.340,14206.747,129841.235,15.357,121.018
5.634,36.086,1.683,1.436,1.000,1.000,4.000,94.688,525.122,2834.983,128191.674,27.047,97.040,841.347,13211.560,5694.400,11761.400,3284.950,37440.340,14176.993,129839.303,15.287,120.994
6.943,50.054,1.676,1.337,1.000,1.000,3.400,94.444,523.381,2311.637,85512.972,25.527,90.470,623.540,6303.263,5038.950,9460.940,2239.750,7006.980,7042.800,86618.463,8.343,81.871
7.515,54.916,1.576,1.214,1.000,1.000,2.000,93.613,519.942,2061.975,85538.740,23.527,82.750,523.140,6418.400,4294.100,6669.820,2170.450,12210.180,7047.817,86650.191,8.183,81.922
7.781,56.296,1.645,1.326,1.000,1.000,3.000,92.685,518.951,2088.484,85537.385,22.330,78.693,545.513,6442.527,4621.650,6669.820,2320.000,12210.180,7089.063,86649.009,8.200,81.922
9.036,58.534,1.679,1.432,1.000,1.000,3.300,81.967,515.971,2081.117,85537.768,19.030,71.367,527.213,6437.077,4621.650,6669.820,2320.000,12210.180,7054.687,86651.102,8.073,81.927
9.808,86.155,1.731,1.504,1.000,1.000,3.500,83.065,522.637,2081.117,85537.768,18.717,70.640,527.213,6437.077,4621.650,6669.820,2320.000,12210.180,7053.647,86651.242,8.080,81.934
9.214,83.883,1.500,0.750,1.000,1.000,2.300,74.615,214.267,1673.743,15439.000,17.960,47.787,411.360,1482.090,3402.900,5956.440,1824.750,3585.780,1959.197,16193.228,3.227,18.568
7.969,73.343,1.452,0.699,1.000,1.000,2.000,115.579,409.853,2671.009,243249.438,23.313,67.393,498.800,15506.747,2932.000,5385.040,1712.350,3785.640,16096.253,245915.562,16.637,234.392
8.000,73.161,1.733,3.062,1.000,1.000,3.100,126.061,433.263,8768.750,276716.006,25.843,69.673,1438.157,33657.367,4614.050,17355.140,3589.950,443095.560,35191.040,282360.345,35.500,271.244
8.655,63.329,1.750,3.259,1.000,1.000,3.300,125.413,432.935,8762.391,276438.645,24.387,66.850,1400.363,32815.490,3676.500,17355.140,3488.950,443095.560,34307.090,282082.615,34.540,270.931
8.793,72.095,1.607,3.096,1.000,1.000,2.300,118.157,432.577,8761.137,276440.187,21.620,64.287,1369.827,32802.280,3059.000,17355.140,3488.950,443095.560,34258.013,282088.177,34.410,270.945
7.935,60.189,1.688,3.090,1.000,1.000,2.900,127.271,433.061,8876.804,276678.295,25.840,67.403,1602.353,33754.433,6535.000,19841.400,9017.000,443095.560,35450.030,282335.330,36.050,271.322
7.968,58.612,1.767,3.246,1.000,1.000,3.100,127.537,435.642,8874.338,276685.738,25.803,69.043,1583.097,33604.847,6535.000,19841.400,3849.950,443095.560,35282.790,282342.734,35.803,271.328
7.781,57.921,1.645,3.132,1.000,1.000,2.000,127.690,436.601,8873.360,276688.653,26.210,70.650,1551.537,33579.917,6535.000,19841.400,3755.900,443095.560,35228.313,282349.002,35.763,271.334
8.333,47.756,1.724,3.303,1.000,1.000,2.400,127.692,436.504,8873.360,276688.653,26.213,70.663,1551.537,33579.917,6535.000,19841.400,3755.900,443095.560,35228.330,282348.999,35.760,271.335
8.032,45.967,1.700,3.210,1.000,1.000,2.200,127.013,428.439,8873.360,276688.653,26.403,69.807,1551.537,33579.917,6535.000,19841.400,3755.900,443095.560,35227.663,282349.065,35.740,271.335
8.333,47.756,1.724,3.303,1.000,1.000,2.400,116.791,427.807,9709.262,276781.411,23.577,69.417,1765.427,34114.867,6620.700,23797.140,9017.000,443095.560,35973.287,282573.269,36.933,272.051
9.481,52.768,1.692,3.444,1.000,1.000,2.000,76.502,247.777,9478.668,134905.220,18.360,50.330,1605.027,20051.683,6535.000,19841.400,3276.150,408910.540,21725.400,142130.695,23.317,141.305
9.464,53.892,1.296,0.653,1.000,1.000,2.000,57.048,115.963,4357.520,16744.454,16.160,42.340,518.630,1520.397,136.000,6536.480,645.450,2234.100,2097.527,19963.877,3.657,28.096
8.966,55.688,1.379,0.856,1.000,1.000,2.000,72.508,129.182,4372.215,16746.088,20.073,49.783,551.627,1549.760,860.550,6536.480,778.300,2992.620,2171.243,19973.722,3.937,28.228
9.286,66.133,1.481,1.435,1.000,1.000,2.000,72.139,129.541,4373.548,16745.822,20.023,51.470,560.583,1555.970,2591.450,6536.480,900.800,2992.620,2188.047,19972.863,3.973,28.225
9.815,78.077,1.346,0.996,1.000,1.000,2.000,54.434,127.765,4072.827,9348.659,16.923,51.647,319.730,596.373,134.000,2595.060,371.550,976.980,984.673,13418.574,2.363,22.045
9.429,85.602,1.286,0.918,1.000,1.000,2.000,53.929,118.699,4069.508,9348.729,17.100,50.467,308.870,593.157,134.000,797.440,344.400,791.760,969.593,13418.063,2.347,22.040
10.269,97.428,1.320,1.018,1.000,1.000,2.000,53.074,121.909,4069.215,9348.198,16.250,50.367,308.643,590.700,122.600,797.440,344.400,799.600,965.960,13416.698,2.293,22.026
9.500,79.036,1.259,0.933,1.000,1.000,1.400,53.696,127.641,4069.215,9348.198,16.647,51.610,308.643,590.700,134.000,797.440,352.900,799.600,967.600,13416.665,2.323,22.034
9.889,82.840,1.269,0.966,1.000,1.000,1.500,53.579,121.605,4069.215,9348.198,16.503,50.287,308.643,590.700,134.000,797.440,350.100,799.600,966.133,13416.704,2.317,22.033
8.800,83.893,1.241,0.873,1.000,1.000,1.200,70.114,120.434,631.194,435.577,18.690,49.160,93.907,55.927,134.000,2583.060,350.900,781.880,217.683,1076.075,1.093,3.684
8.484,72.959,1.233,0.846,1.000,1.000,1.100,69.803,121.359,660.866,436.699,18.240,50.173,105.793,58.277,134.000,2589.400,368.100,781.880,232.483,1093.672,1.103,3.684
8.484,63.927,1.233,0.846,1.000,1.000,1.100,69.776,117.921,739.088,455.866,17.563,46.280,133.210,68.107,134.500,3409.720,415.150,891.720,265.160,1183.561,1.153,3.841
9.207,73.130,1.138,0.119,1.000,1.000,2.000,53.768,103.747,624.783,257.031,13.953,39.937,100.213,38.743,134.000,2589.400,350.900,743.740,192.847,852.344,0.880,2.411
8.613,71.657,1.100,0.090,1.000,1.000,1.100,55.219,105.835,666.807,268.753,14.927,41.590,107.317,39.977,134.000,2769.040,350.900,743.740,203.810,928.688,0.937,2.716
9.276,78.889,1.107,0.096,1.000,1.000,1.300,69.262,104.070,701.553,283.220,15.823,37.897,125.880,47.460,134.000,2960.140,415.150,875.180,227.060,978.271,0.910,2.730
8.867,75.116,1.172,0.143,1.000,1.000,2.000,86.292,107.189,1576.604,4105.414,18.567,38.610,258.223,377.900,989.050,4125.180,703.000,1330.460,693.300,5244.616,1.683,9.006
8.516,66.959,1.161,0.135,1.000,1.000,2.000,86.540,98.023,1576.204,4104.331,19.010,36.663,266.200,376.987,2587.600,4115.480,703.000,1312.000,698.860,5240.660,1.687,8.972
8.516,68.637,1.200,0.160,1.000,1.000,2.000,86.109,104.318,1609.747,4105.709,18.830,40.430,286.017,384.527,2624.650,4197.700,703.050,1330.460,729.803,5257.971,1.747,9.016
7.647,64.640,1.212,0.167,1.000,1.000,2.000,86.109,102.334,4059.492,8220.552,18.830,39.597,538.237,930.173,2969.450,4675.880,717.200,2235.540,1526.837,11927.115,3.040,19.682
9.536,81.677,1.222,0.173,1.000,1.000,2.000,73.075,94.810,4049.033,8220.731,15.750,35.140,504.747,917.293,2772.400,4200.580,703.050,2235.540,1472.930,11923.821,2.883,19.661
9.103,83.748,1.286,0.204,1.000,1.000,2.000,89.492,94.078,4055.849,8220.933,19.213,35.550,519.870,925.657,2969.450,4784.660,717.200,2262.460,1500.290,11927.708,2.977,19.684
10.720,114.682,1.333,0.222,1.000,1.000,2.000,89.190,90.717,4044.949,8220.918,18.633,33.900,492.453,915.827,2751.600,4199.920,703.050,2262.460,1460.813,11923.236,2.867,19.663
9.500,93.964,1.259,0.192,1.000,1.000,2.000,89.457,98.150,4053.589,8228.142,19.167,37.247,509.487,939.060,2772.400,4787.360,707.700,2286.360,1504.960,11939.969,3.020,19.778
9.138,85.705,1.250,0.188,1.000,1.000,2.000,100.951,390.227,4048.417,8228.146,21.063,56.670,503.293,939.080,2772.400,4199.920,707.700,2387.400,1520.107,11952.867,3.037,19.822
9.138,82.533,1.250,0.188,1.000,1.000,2.000,91.682,390.334,4048.050,8228.292,19.233,57.737,497.137,935.807,2790.850,4199.920,703.050,2387.400,1509.913,11952.085,3.033,19.821
9.536,82.249,1.222,0.173,1.000,1.000,2.000,91.666,393.038,3814.569,7162.821,19.320,60.370,392.020,616.080,905.000,4117.440,656.450,2231.620,1087.790,10826.263,2.370,17.961
10.308,90.598,1.280,0.202,1.000,1.000,2.000,92.115,394.055,3808.309,7162.795,19.720,62.753,378.060,611.707,258.050,4115.020,521.950,2231.620,1072.240,10823.493,2.353,17.958
11.250,123.021,1.250,0.188,1.000,1.000,2.000,92.109,390.716,3794.733,7162.245,19.367,57.580,358.243,604.167,214.500,3814.140,355.100,1415.640,1039.357,10816.143,2.257,17.929
12.455,128.884,1.238,0.181,1.000,1.000,2.000,92.052,391.983,648.858,470.485,19.053,58.653,106.023,58.520,134.000,3332.020,327.000,966.340,242.250,1266.075,0.963,3.669
11.870,126.461,1.227,0.176,1.000,1.000,2.000,92.553,392.828,648.858,470.485,20.090,62.317,106.023,58.520,151.450,3332.020,346.400,966.340,246.950,1265.859,1.010,3.686
12.545,127.066,1.143,0.122,1.000,1.000,2.000,77.810,707.090,1236.950,893.496,17.203,93.120,143.037,92.607,134.850,3324.180,323.150,966.340,345.967,2735.980,1.070,4.807
10.880,98.426,1.167,0.139,1.000,1.000,2.000,93.345,707.145,1262.085,901.807,20.533,94.227,164.520,103.050,174.000,3395.720,355.100,1267.680,382.330,2760.098,1.143,4.845
12.455,123.521,1.238,0.181,1.000,1.000,2.000,92.812,706.824,1236.987,990.205,19.287,90.873,157.143,118.000,175.250,3320.460,355.100,1408.380,385.303,2739.757,1.060,4.437
13.095,118.658,1.250,0.188,1.000,1.000,2.000,79.626,599.706,1226.350,982.599,16.593,70.707,147.277,110.537,160.700,3058.320,355.100,1267.680,345.113,2646.722,0.963,4.052
13.850,134.227,1.211,0.166,1.000,1.000,2.000,79.772,599.864,1210.245,980.566,16.327,69.970,134.870,106.327,151.450,2590.440,344.500,988.640,327.493,2638.423,0.920,4.032
15.556,176.469,1.176,0.145,1.000,1.000,2.000,60.752,597.655,1164.560,971.525,13.357,66.907,107.643,95.613,134.000,366.980,290.550,766.080,283.520,2598.275,0.800,3.823
14.579,132.560,1.278,0.534,1.000,1.000,2.000,77.255,597.253,1212.917,983.933,15.393,65.323,135.093,109.283,134.500,2590.440,301.100,1274.940,325.093,2636.067,0.873,3.945
14.579,126.981,1.278,0.534,1.000,1.000,2.000,77.230,597.349,1212.917,983.933,14.993,63.817,135.093,109.283,134.500,2590.440,301.100,1274.940,323.187,2636.260,0.853,3.944
14.526,136.776,1.263,0.510,1.000,1.000,2.000,77.367,596.579,1212.917,983.933,15.040,61.577,135.093,109.283,134.500,2590.440,290.550,1274.940,320.993,2636.249,0.847,3.937
14.579,125.717,1.278,0.534,1.000,1.000,2.000,76.501,596.491,1212.917,983.933,14.090,60.917,135.093,109.283,134.000,2590.440,301.100,1274.940,319.383,2636.312,0.817,3.919
15.444,123.025,1.294,0.561,1.000,1.000,2.000,75.683,85.547,637.821,704.903,13.427,26.487,93.867,84.990,134.000,2590.440,301.100,1274.940,218.770,1185.277,0.697,2.456
15.444,119.136,1.294,0.561,1.000,1.000,2.000,77.272,86.953,704.773,752.752,13.560,26.953,111.897,96.890,134.000,3058.860,308.300,1107.360,249.300,1306.059,0.780,2.832
15.500,128.139,1.235,0.533,1.000,1.000,1.400,77.569,81.912,690.527,489.986,13.873,25.293,102.240,58.707,134.000,3058.860,301.100,704.180,200.113,1143.107,0.690,2.567
16.471,116.367,1.250,0.562,1.000,1.000,1.500,77.030,70.843,690.527,489.986,13.160,23.150,102.240,58.707,134.000,3058.860,284.850,656.940,197.257,1142.488,0.660,2.528
16.471,100.837,1.250,0.562,1.000,1.000,1.500,76.810,68.406,690.527,489.986,13.293,22.970,102.240,58.707,134.000,3058.860,259.650,656.940,197.210,1142.221,0.667,2.518
17.562,123.121,1.267,0.596,1.000,1.000,1.600,76.774,66.091,690.527,489.986,12.893,21.063,102.240,58.707,134.000,3058.860,259.650,656.940,194.903,1142.370,0.643,2.513
14.737,132.510,1.111,0.099,1.000,1.000,1.300,78.648,66.123,694.105,491.668,13.473,21.303,110.420,59.327,134.000,3251.260,251.400,707.420,204.523,1172.515,0.667,2.538
15.611,136.238,1.118,0.104,1.000,1.000,1.400,78.342,63.914,694.105,491.668,13.027,20.590,110.420,59.327,82.700,3251.260,251.400,707.420,203.363,1172.501,0.653,2.531
16.588,155.772,1.125,0.109,1.000,1.000,1.500,78.250,61.286,694.105,491.668,12.760,19.460,110.420,59.327,82.700,3251.260,245.300,707.420,201.967,1172.496,0.633,2.512
17.625,196.734,1.125,0.109,1.000,1.000,1.500,78.466,55.952,694.105,491.668,12.940,17.557,110.420,59.327,134.000,3251.260,191.800,707.420,200.243,1172.479,0.630,2.514
18.933,236.996,1.143,0.122,1.000,1.000,1.700,78.143,55.356,574.796,342.919,12.360,16.770,87.623,38.820,72.400,3059.840,159.550,657.920,155.573,909.808,0.533,2.145
18.933,230.062,1.143,0.122,1.000,1.000,1.700,76.570,52.392,531.249,221.453,12.227,16.050,75.100,27.030,72.400,948.020,139.850,311.060,130.407,767.745,0.477,1.821
18.933,250.329,1.143,0.122,1.000,1.000,1.700,76.556,52.241,531.249,221.453,12.093,15.760,75.100,27.030,72.400,948.020,139.850,311.060,129.983,767.782,0.470,1.819
18.933,288.996,1.143,0.122,1.000,1.000,1.700,76.849,48.471,531.249,221.453,12.273,14.403,75.100,27.030,82.700,948.020,129.100,311.060,128.807,767.714,0.467,1.823
14.474,231.934,1.389,0.682,1.000,1.000,2.300,76.543,164.864,2950.889,45301.193,11.960,22.777,480.560,3597.950,1003.600,4825.060,667.300,3337.700,4113.247,47316.806,4.680,48.213
10.833,211.472,1.739,1.149,1.000,1.200,3.800,76.514,164.577,3648.275,49428.055,11.693,21.823,790.233,5211.087,3884.400,14395.700,1638.550,17839.120,6034.837,51484.555,6.727,52.056
10.000,202.960,2.083,2.660,1.000,2.000,4.000,80.957,173.096,4307.412,69882.935,14.480,28.540,1149.627,8506.300,7195.400,17585.920,3347.400,62962.140,9698.947,72453.817,10.897,72.646
8.679,161.290,2.111,2.765,1.000,2.000,4.000,81.277,173.421,4317.362,69892.651,15.460,30.400,1193.563,8626.127,7195.400,17585.920,5931.400,62962.140,9865.550,72466.053,11.190,72.669
7.250,116.125,2.194,2.543,1.000,2.000,4.000,81.755,185.222,4328.579,69888.636,17.280,39.780,1266.273,8661.317,7195.400,17585.920,5931.400,62962.140,9984.650,72453.289,11.543,72.639
5.475,78.199,2.025,2.124,1.000,2.000,4.000,82.382,188.941,4374.061,69883.233,19.280,45.803,1376.847,8710.937,8491.350,17585.920,5931.400,62962.140,10152.867,72439.279,12.007,72.618
4.478,56.163,2.043,2.085,1.000,2.000,4.000,83.085,192.707,4397.032,69878.650,22.127,56.213,1477.143,8753.180,8726.950,17585.920,5931.400,62962.140,10308.663,72424.371,12.463,72.586
3.882,37.280,2.040,2.038,1.000,2.000,4.000,81.580,198.382,4394.306,69876.984,23.413,64.163,1516.470,8766.683,8726.950,17585.920,5931.400,62962.140,10370.730,72416.593,12.683,72.559
3.304,15.747,2.091,1.937,1.000,2.000,4.000,81.836,206.553,4454.822,69948.042,25.813,75.857,1667.373,9204.600,9930.100,17585.920,12362.250,62962.140,10973.643,72490.243,13.720,72.691
3.000,8.800,2.034,1.863,1.000,2.000,4.000,82.491,209.767,4454.822,69948.042,27.147,82.003,1667.373,9204.600,9930.100,17585.920,12362.250,62962.140,10981.123,72489.135,13.800,72.680
3.136,11.304,1.983,1.810,1.000,2.000,4.000,82.745,142.240,3523.800,53670.793,27.860,75.113,1277.723,5641.130,6586.350,14069.300,4430.900,39572.580,7021.827,55415.915,9.677,55.114
3.792,27.259,1.904,1.818,1.000,2.000,4.000,82.469,143.501,2849.022,49909.989,28.080,78.390,968.050,4027.993,6145.700,11152.060,2303.300,23207.540,5102.513,51603.440,7.637,51.616
4.347,36.390,1.776,1.113,1.000,2.000,4.000,78.545,135.277,1652.023,4582.260,25.027,70.857,598.193,729.123,3505.950,6530.000,1657.250,4430.360,1423.200,5504.136,3.443,8.345
4.449,39.349,1.708,0.915,1.000,2.000,3.300,78.613,136.120,1609.670,4212.652,25.027,71.297,554.257,609.297,3371.050,6352.600,1642.750,3581.320,1259.877,5069.708,3.190,7.857
4.830,46.992,1.587,0.808,1.000,1.000,2.500,78.917,124.101,1546.132,4212.004,24.270,65.113,481.547,574.107,2874.750,5095.580,1641.050,3581.320,1145.037,5046.328,2.877,7.751
6.128,58.214,1.605,0.923,1.000,1.000,3.300,78.204,120.235,1364.466,4206.836,21.690,58.683,387.017,531.943,2773.100,4962.200,1460.700,2263.540,999.333,4958.437,2.463,7.462
6.917,59.965,1.457,0.648,1.000,1.000,2.000,77.716,114.403,1223.118,4200.247,19.290,48.733,307.947,494.223,2762.500,4815.900,878.500,2235.040,870.193,4888.551,2.063,7.160
7.636,63.080,1.455,0.551,1.000,1.000,2.000,82.956,211.207,6382.177,252177.865,18.780,52.517,1003.010,29941.693,3555.000,11375.000,2214.100,67933.200,31016.000,256070.390,30.190,238.944
8.600,69.107,1.448,1.351,1.000,1.000,2.000,172.740,886.760,7442.862,266568.220,25.307,92.377,1377.053,38222.730,4820.250,20146.360,2250.500,619399.460,39717.467,270828.750,38.880,253.730
9.593,71.501,1.519,1.509,1.000,1.000,2.400,178.384,886.347,7449.085,266565.744,28.003,90.340,1413.057,38240.567,4991.100,20146.360,2556.750,619399.460,39771.967,270821.527,38.973,253.720
9.962,73.114,1.640,1.990,1.000,1.000,2.600,178.438,886.542,7599.163,266556.186,28.140,90.483,1521.797,38353.713,5630.700,22013.480,3503.100,619399.460,39994.133,270811.314,39.370,253.745
9.143,60.694,1.571,1.816,1.000,1.000,2.300,178.572,886.387,7601.439,266555.027,28.460,88.800,1538.787,38362.040,5630.700,22013.480,3503.100,619399.460,40018.087,270808.130,39.440,253.736
8.862,42.602,1.536,1.820,1.000,1.000,2.300,171.164,886.279,7602.422,266555.791,25.807,89.013,1519.980,38356.670,5661.100,22013.480,3503.100,619399.460,39991.470,270811.909,39.410,253.740
8.862,38.188,1.536,1.820,1.000,1.000,2.300,171.169,887.710,7602.422,266555.791,25.677,89.713,1519.980,38356.670,5661.100,22013.480,3503.100,619399.460,39992.040,270811.830,39.410,253.741
9.214,37.668,1.556,1.877,1.000,1.000,2.400,170.914,887.511,7602.422,266555.791,25.020,87.583,1519.980,38356.670,5661.100,22013.480,3503.100,619399.460,39989.253,270812.239,39.390,253.744
8.862,38.809,1.536,1.820,1.000,1.000,2.300,171.026,887.847,7600.534,266556.833,26.410,91.130,1503.937,38349.213,5661.100,22013.480,3503.100,619399.460,39970.690,270814.677,39.380,253.743
10.000,62.538,1.600,2.000,1.000,1.000,2.600,170.889,887.827,7600.295,266557.478,26.767,93.320,1482.710,38344.690,5661.100,22013.480,3503.100,619399.460,39947.487,270817.920,39.363,253.745
11.565,63.637,1.478,2.076,1.000,1.000,1.800,161.391,869.475,4369.055,89286.917,23.513,84.170,721.330,8873.163,2819.800,8837.540,720.200,16300.420,9702.177,91292.112,10.950,88.675
11.696,58.386,1.292,0.707,1.000,1.000,2.000,55.915,107.162,1732.102,1909.210,16.463,40.427,196.383,154.210,134.000,2917.300,343.150,1349.420,407.483,3609.224,1.333,7.090
11.208,56.082,1.292,0.457,1.000,1.000,2.000,58.630,107.118,1750.421,1907.532,15.347,39.087,211.957,157.757,134.000,4167.800,347.700,1544.440,424.147,3627.244,1.360,7.163
10.308,54.213,1.231,0.408,1.000,1.000,2.000,58.556,104.551,1504.371,2025.672,15.483,38.477,198.723,163.103,134.000,4705.000,343.150,1545.140,415.787,3457.012,1.383,7.075
9.536,51.963,1.222,0.395,1.000,1.000,2.000,60.393,108.589,1495.134,2021.413,16.407,40.370,195.597,157.123,134.000,4207.000,347.700,1019.600,409.497,3441.636,1.387,7.040
9.138,54.119,1.250,0.402,1.000,1.000,2.000,88.318,111.322,1597.707,2027.473,19.817,40.847,250.170,173.100,134.450,5580.440,473.450,1846.200,483.933,3524.815,1.520,7.237
9.000,55.724,1.393,0.667,1.000,1.000,2.000,89.393,107.697,1664.813,11260.757,21.233,44.757,285.633,824.243,200.800,5749.440,639.200,1948.860,1175.867,12077.700,2.410,15.308
8.966,58.309,1.429,0.673,1.000,1.000,2.000,89.639,124.700,1664.813,11260.757,21.760,51.137,285.633,824.243,200.800,5749.440,700.200,1948.860,1182.773,12077.270,2.457,15.313
8.533,54.582,1.517,0.732,1.000,1.000,2.200,94.810,120.844,1695.366,11260.573,23.517,48.960,320.177,839.970,2548.050,5749.440,749.100,1948.860,1232.623,12081.320,2.547,15.339
7.636,34.050,1.500,0.688,1.000,1.000,2.000,95.028,121.788,2065.316,11370.965,23.560,48.837,389.957,936.420,2761.650,5775.480,828.450,2188.920,1398.773,12391.688,2.880,16.295
8.500,55.650,1.552,0.730,1.000,1.000,2.200,94.711,118.373,2065.316,11370.965,22.973,47.217,389.957,936.420,2761.650,5775.480,828.450,2188.920,1396.567,12391.881,2.860,16.295
9.250,76.045,1.519,0.768,1.000,1.000,2.400,94.068,111.735,2065.316,11370.965,21.630,41.867,389.957,936.420,2761.650,5775.480,828.450,2188.920,1389.873,12392.509,2.777,16.294
8.633,75.832,1.367,0.499,1.000,1.000,2.000,241.423,670.960,2286.861,11393.239,33.533,105.580,402.607,959.347,2548.050,6019.720,863.850,2292.680,1501.067,12613.748,2.960,16.606
9.357,77.015,1.357,0.515,1.000,1.000,2.000,241.614,671.266,1860.302,11223.978,33.693,107.067,291.290,833.403,247.350,4649.920,706.600,1948.860,1265.453,12190.984,2.480,15.316
9.778,72.173,1.385,0.544,1.000,1.000,2.000,241.197,670.944,1846.876,11224.079,33.297,108.553,277.427,831.057,210.000,4649.920,702.800,1948.860,1250.333,12189.272,2.440,15.301
9.778,71.284,1.385,0.544,1.000,1.000,2.000,238.830,673.504,1835.545,11224.183,33.137,113.440,275.163,833.760,210.000,4651.560,761.000,2261.180,1255.500,12191.991,2.477,15.347
9.926,79.995,1.231,0.254,1.000,1.000,2.000,238.434,672.825,1774.697,1816.781,31.270,108.347,239.700,182.617,145.500,3982.240,627.750,1939.320,561.933,3912.443,1.570,7.321
9.571,77.388,1.185,0.225,1.000,1.000,2.000,238.375,671.043,1774.697,1816.781,31.403,105.797,239.700,182.617,134.500,3982.240,609.900,1939.320,559.517,3912.328,1.560,7.308
10.500,79.481,1.080,0.074,1.000,1.000,1.000,236.436,671.125,1743.939,1812.223,28.703,104.297,205.157,166.890,134.000,3055.640,361.200,1332.700,505.047,3891.561,1.423,7.242
10.960,84.758,1.083,0.076,1.000,1.000,1.000,236.410,671.020,1310.119,807.988,29.370,106.920,153.390,77.877,134.000,3055.640,358.000,1332.340,367.557,2725.189,1.183,4.723
9.679,58.575,1.074,0.069,1.000,1.000,1.000,236.410,671.044,1332.459,809.440,29.370,107.033,174.230,82.400,134.000,3464.300,365.500,1332.340,393.033,2739.466,1.230,4.742
9.310,50.835,1.071,0.066,1.000,1.000,1.000,236.405,671.186,1332.459,809.440,29.503,108.080,174.230,82.400,134.000,3464.300,392.100,1332.340,394.213,2739.390,1.243,4.745
10.920,52.634,1.080,0.074,1.000,1.000,1.000,62.362,113.170,745.777,267.432,15.487,45.260,110.003,38.090,134.000,2802.780,288.050,653.060,208.840,1093.629,0.903,2.917
10.960,58.438,1.083,0.076,1.000,1.000,1.000,61.085,112.602,745.777,267.432,14.740,45.030,110.003,38.090,82.000,2802.780,288.050,653.060,207.863,1093.524,0.890,2.903
10.960,63.638,1.083,0.076,1.000,1.000,1.000,61.856,110.058,745.777,267.432,14.737,42.183,110.003,38.090,120.700,2802.780,288.000,653.060,205.013,1093.710,0.870,2.902
10.840,65.094,1.208,0.665,1.000,1.000,1.000,53.643,86.835,658.212,251.050,14.190,37.270,116.690,38.610,134.000,3077.420,289.050,708.160,206.760,899.658,0.847,2.293
11.826,79.622,1.217,0.692,1.000,1.000,1.000,53.910,83.984,658.212,251.050,13.970,35.127,116.690,38.610,134.000,3077.420,289.050,708.160,204.397,899.730,0.823,2.289
13.048,85.950,1.238,0.753,1.000,1.000,1.000,53.117,77.345,658.212,251.050,13.123,32.680,116.690,38.610,134.000,3077.420,289.050,708.160,201.103,899.394,0.790,2.263
11.870,83.853,1.227,0.721,1.000,1.000,1.000,53.514,103.180,658.212,251.050,13.923,38.297,116.690,38.610,134.000,3077.420,291.700,865.580,207.520,901.398,0.833,2.289
11.870,85.418,1.227,0.721,1.000,1.000,1.000,53.567,109.359,610.022,278.363,13.523,38.163,109.413,41.383,134.000,3077.420,292.550,865.580,202.483,876.272,0.817,2.356
12.455,89.339,1.238,0.753,1.000,1.000,1.000,54.078,109.677,557.127,273.434,13.703,37.167,88.573,36.860,134.000,2961.340,288.100,865.580,176.303,824.981,0.770,2.319
11.826,88.405,1.273,0.744,1.000,1.000,1.900,76.907,114.436,835.834,352.291,16.483,37.867,151.210,60.733,134.000,3271.520,403.150,1530.320,266.293,1210.667,0.957,3.054
12.409,93.424,1.286,0.776,1.000,1.000,2.000,76.797,111.839,835.834,352.291,15.683,34.313,151.210,60.733,134.000,3271.520,403.150,1530.320,261.940,1211.101,0.913,3.045
12.273,95.926,1.364,0.777,1.000,1.000,2.000,77.080,112.820,876.042,364.701,15.863,33.783,167.387,68.183,134.000,3799.820,602.850,1595.040,285.217,1260.535,0.980,3.176
12.952,134.902,1.400,0.840,1.000,1.000,2.000,76.058,115.831,876.042,364.701,14.887,34.747,167.387,68.183,134.000,3799.820,602.850,1595.040,285.203,1260.667,0.960,3.167
13.650,115.628,1.421,0.875,1.000,1.000,2.000,61.308,123.061,775.597,328.249,13.153,40.087,107.933,49.140,82.000,206.340,433.050,1177.520,210.313,1133.931,0.870,2.964
13.650,126.028,1.421,0.875,1.000,1.000,2.000,61.338,129.569,775.597,328.249,13.420,43.683,107.933,49.140,82.000,206.340,438.300,1177.520,214.177,1134.197,0.883,2.965
12.952,116.617,1.400,0.840,1.000,1.000,2.000,61.987,131.019,775.597,328.249,13.600,43.943,107.933,49.140,120.700,235.740,438.300,1177.520,214.617,1134.419,0.883,2.978
15.222,113.617,1.444,0.914,1.000,1.000,2.000,61.261,118.600,775.597,328.249,12.487,40.590,107.933,49.140,80.000,235.740,434.200,743.380,210.150,1133.315,0.840,2.963
13.700,111.010,1.368,0.864,1.000,1.000,2.000,61.331,111.132,754.433,278.161,12.353,37.580,97.197,38.930,80.000,144.600,414.000,641.820,186.060,1070.319,0.763,2.720
12.905,117.324,1.450,0.948,1.000,1.000,2.100,79.084,115.004,909.232,361.036,15.023,39.160,149.387,62.460,134.000,4840.920,475.300,1600.060,266.030,1295.331,0.957,3.370
14.421,152.033,1.444,1.025,1.000,1.000,2.300,57.042,110.355,662.002,284.758,12.110,38.230,86.750,38.587,82.700,144.600,401.600,638.880,175.677,944.890,0.757,2.715
12.273,141.198,1.429,0.912,1.000,1.000,2.000,56.943,117.169,662.002,284.758,12.730,43.880,86.750,38.587,80.000,144.600,414.000,638.880,181.947,945.076,0.810,2.734
13.700,123.310,1.368,0.970,1.000,1.000,2.200,56.832,115.330,605.645,267.859,12.597,43.383,70.573,31.137,80.000,134.200,374.300,483.100,157.690,875.306,0.733,2.573
12.318,115.217,1.318,0.853,1.000,1.000,1.900,57.240,114.715,605.645,267.859,12.910,42.707,70.573,31.137,80.000,134.200,374.300,483.100,157.327,875.300,0.743,2.583
11.417,99.493,1.130,0.200,1.000,1.000,1.000,56.514,264.131,609.940,287.699,11.663,52.540,71.047,33.280,80.000,134.200,354.050,684.340,168.530,929.662,0.693,2.625
10.462,85.787,1.120,0.186,1.000,1.000,1.000,58.136,264.926,609.940,287.699,12.597,53.487,71.047,33.280,80.000,144.600,325.450,718.640,170.410,930.391,0.760,2.746
10.880,91.386,1.120,0.186,1.000,1.000,1.000,57.877,263.913,609.940,287.699,12.997,53.840,71.047,33.280,80.000,134.200,309.750,718.640,171.163,929.930,0.780,2.738
10.880,93.786,1.120,0.186,1.000,1.000,1.000,58.199,260.900,609.940,287.699,13.443,52.017,71.047,33.280,80.000,134.200,293.050,718.640,169.787,929.118,0.787,2.729
11.417,96.326,1.130,0.200,1.000,1.000,1.000,57.550,260.625,683.155,315.729,12.597,50.640,89.080,40.913,80.000,146.200,294.750,818.020,193.230,1025.524,0.820,2.929
11.870,64.461,1.227,0.721,1.000,1.000,1.000,60.781,263.481,666.982,294.132,13.937,53.770,85.150,36.027,80.000,290.900,294.750,718.640,188.883,975.102,0.850,3.029
10.840,57.174,1.208,0.665,1.000,1.000,1.000,61.031,265.902,729.396,319.207,13.803,53.140,102.510,43.320,120.000,965.320,312.550,823.520,212.773,1060.744,0.910,3.211
12.500,77.159,1.190,0.726,1.000,1.000,1.000,61.148,263.329,729.396,319.207,13.317,48.197,102.510,43.320,120.700,965.320,279.150,823.520,207.343,1060.698,0.863,3.197
11.913,64.601,1.182,0.694,1.000,1.000,1.000,60.784,263.887,741.708,348.564,13.137,49.363,110.643,51.563,120.700,2491.180,297.400,1980.240,224.707,1097.589,0.923,3.360
13.143,62.980,1.200,0.760,1.000,1.000,1.000,60.828,263.241,741.708,348.564,13.537,50.107,110.643,51.563,120.700,2491.180,297.000,1980.240,225.850,1097.268,0.940,3.358
15.444,57.136,1.222,0.840,1.000,1.000,1.000,61.076,103.247,739.086,347.307,13.450,33.180,110.290,51.410,134.000,2491.180,260.950,823.520,208.330,1067.978,0.907,3.308
17.562,84.621,1.267,0.996,1.000,1.000,1.000,59.100,89.977,739.086,347.307,11.803,27.373,110.290,51.410,120.700,2491.180,205.500,823.520,200.877,1067.101,0.813,3.206
15.444,101.914,1.294,0.913,1.000,1.000,1.400,76.589,93.694,884.444,405.005,14.257,27.303,160.090,72.807,134.000,5038.460,274.250,2188.840,274.457,1296.349,0.983,3.737
15.444,96.136,1.294,0.913,1.000,1.000,1.400,76.569,93.086,884.444,405.005,13.990,26.203,160.090,72.807,134.000,5038.460,274.250,2188.840,273.090,1296.533,0.970,3.737
13.700,113.910,1.300,0.810,1.000,1.000,2.000,76.964,100.904,925.981,406.283,14.703,29.687,173.853,74.967,134.000,5038.460,365.250,2188.840,293.210,1336.124,1.033,3.798
13.190,129.583,1.150,0.128,1.000,1.000,2.000,54.569,84.969,1761.214,187146.199,10.113,23.920,268.030,14116.943,134.000,5214.220,354.400,2237.000,14419.007,188639.665,14.317,179.193
12.273,121.471,1.364,0.777,1.000,1.000,2.000,54.543,99.933,9035.848,241391.183,10.513,27.237,1271.153,31681.903,4142.400,12819.000,2230.300,466348.080,32990.807,248140.226,32.587,239.171
10.720,106.922,1.333,0.722,1.000,1.000,2.000,74.425,406.073,9035.549,241390.854,14.007,53.280,1275.293,31684.443,4142.400,12819.000,2238.500,466348.080,33027.023,248136.046,32.700,239.160
10.192,109.617,1.400,0.800,1.000,1.000,2.000,74.831,405.735,9035.784,241391.587,14.720,53.533,1277.240,31678.553,4142.400,12819.000,2230.300,466348.080,33024.047,248136.333,32.700,239.158
9.778,94.691,1.385,0.775,1.000,1.000,2.000,75.302,405.580,9035.784,241391.587,14.403,51.560,1277.240,31678.553,4142.400,12819.000,2230.300,466348.080,33021.757,248136.638,32.673,239.162
9.704,83.764,1.462,0.864,1.000,1.000,2.500,75.312,405.728,9038.089,241390.777,14.537,52.417,1294.067,31684.897,4611.900,12819.000,2238.500,466348.080,33045.917,248133.739,32.747,239.154
8.533,74.582,1.467,0.849,1.000,1.000,3.000,88.701,406.587,9039.910,241389.386,18.373,56.880,1318.723,31695.817,4662.250,12819.000,2286.050,466348.080,33089.793,248128.322,32.900,239.137
9.286,79.990,1.481,0.916,1.000,1.000,3.000,73.936,405.860,9033.237,241392.099,15.207,55.720,1268.923,31674.420,3266.800,12819.000,2238.500,466348.080,33014.270,248137.219,32.703,239.155
8.600,67.440,1.448,0.868,1.000,1.000,3.000,74.328,405.873,9033.237,241392.099,15.443,55.387,1268.923,31674.420,3266.800,12819.000,2238.500,466348.080,33014.173,248137.232,32.710,239.155
8.828,72.143,1.571,1.316,1.000,1.000,3.000,74.553,404.231,9269.313,253558.128,15.883,53.250,1491.680,37249.617,4949.550,16690.820,2749.850,522875.040,38810.430,260314.806,38.400,249.985
8.129,63.725,1.600,1.440,1.000,1.000,3.100,74.953,405.941,9285.523,172970.098,16.863,57.817,1508.313,23510.020,5074.100,16438.200,3450.000,305061.840,25093.013,181307.663,25.577,176.220
10.038,87.037,1.500,1.173,1.000,1.000,3.000,74.489,400.614,2842.338,79910.229,16.017,52.990,487.830,5937.767,902.600,6343.900,1006.100,7600.620,6494.603,81182.690,7.230,75.526
10.077,81.302,1.520,1.210,1.000,1.000,3.000,54.795,75.020,2842.141,79910.405,12.790,27.760,483.690,5935.227,818.050,6343.900,623.050,3327.820,6459.467,81183.543,7.133,75.522
11.042,89.290,1.522,1.206,1.000,1.000,3.000,54.722,73.046,2838.723,79910.572,12.257,25.317,473.610,5932.873,452.200,6343.900,480.550,3327.820,6444.057,81184.563,7.077,75.526
11.000,122.250,1.565,1.202,1.000,1.000,3.000,72.076,76.522,2852.038,79909.893,14.973,26.793,498.577,5943.753,934.900,6343.900,1112.500,3327.820,6484.097,81182.745,7.197,75.526
10.600,105.440,1.458,1.082,1.000,1.000,2.700,71.752,77.374,2831.310,79910.687,14.527,26.870,475.853,5929.970,838.100,6343.900,663.900,3327.820,6447.220,81183.655,7.077,75.522
12.273,108.471,1.429,1.102,1.000,1.000,2.000,54.568,73.658,2818.125,79911.366,11.403,24.440,451.197,5919.050,165.100,6343.900,456.050,3327.820,6406.090,81185.602,6.950,75.523
12.227,136.994,1.409,1.060,1.000,1.000,2.000,55.020,73.013,2818.125,79911.366,11.850,24.717,451.197,5919.050,165.100,6343.900,456.050,3327.820,6406.813,81185.545,6.963,75.522
11.609,131.282,1.500,1.159,1.000,1.000,2.900,54.016,72.877,2863.510,80045.759,11.167,24.680,519.290,6234.070,2775.900,7087.720,1409.600,8050.000,6789.207,81338.624,7.560,75.821
12.364,132.868,1.333,0.603,1.000,1.000,2.000,53.495,72.160,1822.917,6316.790,10.327,23.320,276.757,651.420,148.950,3798.540,456.050,2231.100,961.823,7270.678,1.770,9.957
13.850,130.327,1.211,0.271,1.000,1.000,2.000,53.321,59.841,707.931,5023.937,9.927,19.563,117.687,330.397,134.000,2899.660,217.050,712.840,477.573,5482.077,1.090,7.475
12.500,126.614,1.190,0.249,1.000,1.000,2.000,54.009,84.688,766.902,5025.037,11.040,26.163,135.140,337.680,134.000,3473.700,307.000,1106.980,510.023,5496.305,1.197,7.541
13.143,137.456,1.200,0.260,1.000,1.000,2.000,53.588,87.138,766.902,5025.037,10.860,27.660,135.140,337.680,134.000,3473.700,307.850,1106.980,511.340,5496.228,1.197,7.539
12.455,122.339,1.238,0.372,1.000,1.000,2.000,69.566,88.669,823.870,5027.798,13.337,28.653,160.240,353.613,141.200,3609.520,350.700,1881.200,555.843,5513.673,1.300,7.634
13.143,146.313,1.200,0.360,1.000,1.000,1.200,50.540,85.330,765.566,5026.503,10.537,27.163,135.273,342.733,134.000,3473.700,307.850,1601.580,515.707,5497.354,1.187,7.532
13.143,151.170,1.200,0.360,1.000,1.000,1.200,51.010,83.678,801.929,5028.780,10.850,26.333,149.540,352.720,134.000,3609.520,324.600,1881.200,539.443,5511.077,1.267,7.646
13.143,116.503,1.200,0.360,1.000,1.000,1.200,50.540,84.001,801.929,5028.780,10.537,26.630,149.540,352.720,134.000,3609.520,307.850,1881.200,539.427,5511.075,1.263,7.646
13.143,121.170,1.200,0.360,1.000,1.000,1.200,50.564,88.737,801.929,5028.780,10.670,28.707,149.540,352.720,134.000,3609.520,350.700,1881.200,541.637,5510.955,1.270,7.645
13.850,117.027,1.150,0.227,1.000,1.000,1.100,68.685,92.001,656.380,323.561,13.943,30.863,106.490,48.223,134.000,2778.880,307.850,926.040,199.520,955.079,0.773,2.631
14.684,164.532,1.167,0.250,1.000,1.000,1.300,68.350,93.115,624.424,321.355,13.630,31.350,94.470,45.883,134.000,2666.940,307.500,926.040,185.333,925.159,0.743,2.601
15.556,162.247,1.176,0.263,1.000,1.000,1.400,68.311,92.381,624.424,321.355,13.230,29.940,94.470,45.883,134.000,2666.940,307.500,926.040,183.523,925.345,0.720,2.598
17.625,180.484,1.200,0.293,1.000,1.000,1.600,68.178,71.395,549.102,296.598,12.697,24.307,77.017,38.600,44.700,845.140,263.150,445.220,152.620,823.875,0.630,2.383
16.471,200.955,1.176,0.263,1.000,1.000,1.400,68.751,84.840,549.102,296.598,13.010,25.730,77.017,38.600,134.000,845.140,266.100,656.380,154.357,825.268,0.647,2.424
15.667,153.000,1.059,0.055,1.000,1.000,1.000,52.001,84.081,549.664,245.238,9.953,24.503,70.197,30.267,72.400,147.480,263.150,634.360,134.920,784.094,0.587,2.291
15.667,168.778,1.059,0.055,1.000,1.000,1.000,52.318,83.577,549.664,245.238,9.820,23.970,70.197,30.267,72.400,186.680,255.550,634.360,134.253,784.139,0.580,2.296
15.667,172.556,1.059,0.055,1.000,1.000,1.000,52.318,83.934,545.907,215.643,9.820,24.197,61.900,25.727,41.600,134.800,248.350,444.860,121.643,762.921,0.550,2.148
15.667,187.444,1.059,0.055,1.000,1.000,1.000,52.802,82.071,545.907,215.643,10.267,23.593,61.900,25.727,72.400,134.800,208.800,444.860,121.487,762.781,0.560,2.154
15.611,193.015,1.118,0.104,1.000,1.000,1.400,72.739,81.951,633.429,279.847,12.643,23.047,87.963,38.770,120.700,924.500,255.550,872.020,162.423,911.042,0.650,2.529
16.647,167.405,1.062,0.059,1.000,1.000,1.000,56.445,86.816,551.672,244.070,10.483,25.870,62.920,28.247,72.000,134.800,224.350,572.260,127.520,793.131,0.580,2.268
14.737,153.036,1.053,0.050,1.000,1.000,1.000,57.897,100.946,551.672,244.070,11.863,30.660,62.920,28.247,82.000,174.000,255.550,638.660,133.690,794.931,0.660,2.394
12.500,107.432,1.190,0.440,1.000,1.000,1.000,83.100,109.884,661.153,275.850,15.590,35.727,93.587,41.117,134.000,1087.820,305.450,922.180,186.020,928.307,0.813,2.668
11.375,87.984,1.174,0.405,1.000,1.000,1.000,83.760,119.166,661.153,275.850,15.990,37.973,93.587,41.117,134.000,1087.820,336.750,922.180,188.667,929.645,0.850,2.775
13.095,97.420,1.190,0.440,1.000,1.000,1.000,83.418,110.473,661.153,275.850,15.990,35.890,93.587,41.117,134.000,1087.820,336.750,922.180,186.583,928.550,0.840,2.744
12.500,109.886,1.190,0.440,1.000,1.000,1.000,83.626,109.717,585.287,257.467,16.437,36.320,75.307,33.517,134.000,890.300,294.250,868.100,161.580,838.542,0.790,2.561
11.913,88.862,1.182,0.421,1.000,1.000,1.000,83.228,113.244,585.287,257.467,16.523,39.033,75.307,33.517,134.000,890.300,299.250,868.100,164.380,838.611,0.807,2.555
11.913,76.427,1.182,0.421,1.000,1.000,1.000,83.649,125.553,587.425,256.254,17.590,44.433,75.533,33.377,134.000,890.300,309.200,922.180,170.933,840.905,0.867,2.621
11.375,67.484,1.174,0.405,1.000,1.000,1.000,83.645,125.717,587.425,256.254,17.457,44.263,75.533,33.377,134.000,890.300,309.200,922.180,170.630,840.971,0.863,2.623
11.417,72.410,1.130,0.374,1.000,1.000,1.000,67.293,124.425,491.124,183.610,15.213,44.183,49.470,20.333,96.000,160.280,289.250,825.840,129.200,677.928,0.780,2.277
13.095,86.372,1.136,0.390,1.000,1.000,1.000,66.903,122.864,491.124,183.610,14.233,41.187,49.470,20.333,80.700,160.280,289.250,825.840,125.223,677.878,0.740,2.265
10.840,88.694,1.160,0.374,1.000,1.000,1.000,67.325,125.055,607.958,301.832,14.630,43.770,78.083,40.087,134.000,217.040,363.600,931.220,176.570,904.327,0.863,2.719
11.458,90.832,1.042,0.040,1.000,1.000,1.000,31.962,119.154,485.676,273.044,11.703,41.623,47.417,27.217,80.000,174.000,278.950,595.740,127.960,766.245,0.757,2.479
8.967,90.499,1.069,0.064,1.000,1.000,1.000,190.393,682.959,977.762,737.424,25.053,93.713,141.107,81.330,134.000,3158.420,506.050,967.880,341.203,2347.486,1.097,3.893
8.344,57.351,1.065,0.060,1.000,1.000,1.000,191.049,683.083,977.762,737.424,26.187,95.173,141.107,81.330,134.000,3158.420,506.050,967.880,343.797,2347.463,1.120,3.913
8.645,62.164,1.067,0.062,1.000,1.000,1.000,191.058,683.042,977.762,737.424,25.920,93.577,141.107,81.330,134.000,3158.420,506.050,967.880,341.933,2347.630,1.103,3.912
8.645,83.068,1.067,0.062,1.000,1.000,1.000,191.144,684.042,977.762,737.424,26.633,96.317,141.107,81.330,134.000,3158.420,546.900,967.880,345.387,2347.639,1.133,3.920
8.967,80.232,1.069,0.064,1.000,1.000,1.000,190.913,682.344,976.698,744.705,25.120,90.677,140.917,83.503,134.000,3158.420,506.050,902.220,340.217,2354.267,1.060,3.878
8.967,85.099,1.069,0.064,1.000,1.000,1.000,190.917,682.397,976.698,744.705,24.987,90.403,140.917,83.503,134.000,3158.420,506.050,902.220,339.810,2354.324,1.053,3.878
8.967,93.432,1.069,0.064,1.000,1.000,1.000,190.896,682.237,976.698,744.705,24.720,89.217,140.917,83.503,134.000,3158.420,506.050,902.220,338.357,2354.399,1.040,3.876
8.967,90.099,1.033,0.032,1.000,1.000,1.000,190.892,682.826,976.698,744.705,24.853,90.730,140.917,83.503,134.000,3158.420,507.950,902.220,340.003,2354.426,1.047,3.877
10.500,103.558,1.080,0.074,1.000,1.000,1.000,190.546,681.236,910.563,706.336,23.790,85.193,112.303,63.750,82.700,262.820,299.200,745.300,285.037,2280.426,0.873,3.513
10.385,120.083,1.200,0.400,1.000,1.000,1.600,196.180,681.479,962.789,718.977,26.323,86.020,138.310,74.280,134.000,3028.080,416.650,876.040,324.933,2322.418,0.960,3.661
13.143,129.741,1.200,0.460,1.000,1.000,1.100,56.374,95.868,454.203,216.618,12.440,31.260,44.620,20.167,81.600,135.520,235.950,416.260,108.487,678.419,0.583,1.930
13.143,125.170,1.200,0.460,1.000,1.000,1.100,53.542,93.202,454.203,216.618,10.593,29.120,44.620,20.167,40.000,134.000,232.150,378.040,104.500,677.590,0.543,1.884
13.048,110.902,1.300,0.610,1.000,1.000,2.100,54.393,94.703,529.851,238.626,11.127,30.927,60.790,27.777,72.400,135.600,261.150,743.920,130.620,770.590,0.640,2.173
13.750,138.988,1.316,0.637,1.000,1.000,2.200,54.158,79.663,529.851,238.626,10.327,25.667,60.790,27.777,41.600,135.600,235.950,435.280,124.560,769.248,0.593,2.147
13.750,133.287,1.316,0.637,1.000,1.000,2.200,54.644,79.970,529.608,213.954,10.907,26.413,60.767,25.573,72.400,135.600,237.850,435.280,123.660,745.651,0.607,2.124
13.700,122.910,1.368,0.654,1.000,1.000,2.200,77.349,85.794,635.128,252.097,13.820,28.950,89.883,35.933,113.100,1009.060,282.050,790.760,168.587,876.659,0.693,2.361
14.474,137.618,1.389,0.682,1.000,1.000,2.300,77.327,83.970,635.128,252.097,13.553,27.273,89.883,35.933,113.100,1009.060,271.550,790.760,166.643,876.715,0.677,2.356
12.952,122.045,1.400,0.640,1.000,1.000,2.100,78.419,76.094,690.328,269.852,14.300,25.423,106.073,43.383,134.000,3035.740,293.550,878.000,189.180,947.281,0.753,2.560
13.000,118.952,1.350,0.628,1.000,1.000,2.100,78.059,88.026,767.369,387.578,13.987,26.993,134.310,65.340,134.000,3783.180,370.100,1597.980,240.630,1126.194,0.870,2.974
12.500,111.886,1.190,0.249,1.000,1.000,2.000,61.806,85.201,700.579,363.334,11.053,25.333,108.303,54.810,134.000,3758.140,282.400,908.060,199.500,1033.611,0.760,2.771
13.800,114.960,1.263,0.299,1.000,1.000,2.000,61.806,88.660,700.579,363.334,11.053,26.727,108.303,54.810,134.000,3758.140,300.200,908.060,200.893,1033.721,0.757,2.768
14.579,149.296,1.278,0.312,1.000,1.000,2.000,62.261,88.544,700.579,363.334,11.900,28.130,108.303,54.810,134.000,3758.140,297.300,908.060,203.143,1033.434,0.780,2.769
13.143,110.218,1.200,0.160,1.000,1.000,2.000,61.119,86.629,849.742,1981.621,10.920,25.817,152.627,166.810,134.000,3783.180,362.650,908.060,356.173,2590.381,0.947,4.440
11.870,110.374,1.227,0.176,1.000,1.000,2.000,61.138,86.945,992.954,2828.106,11.053,26.337,203.783,318.443,137.800,4676.180,471.650,2208.440,559.617,3584.675,1.300,5.917
11.043,109.694,2.000,10.522,1.000,1.000,2.000,1545.775,274.359,1399.521,2830.132,331.140,76.180,318.837,336.973,5582.300,8858.780,912.800,2293.260,1063.130,4179.603,3.017,9.295
11.087,104.079,2.045,11.134,1.000,1.000,2.000,1545.354,273.042,1359.812,2828.093,328.493,74.280,289.720,326.613,5582.300,8858.780,855.050,2293.260,1019.107,4163.570,2.940,9.258
9.920,105.114,2.167,10.222,1.000,1.000,3.000,1545.217,273.091,2048.679,2835.364,329.600,74.990,458.787,355.217,7392.000,9746.140,1271.800,2815.200,1218.593,4460.743,3.263,9.549
10.826,107.013,2.217,10.605,1.000,1.200,3.000,1545.188,274.726,2086.430,2838.413,329.567,77.950,471.110,357.570,7394.950,9746.140,1271.800,3419.860,1236.197,4494.597,3.300,9.638
10.870,102.287,2.273,11.017,1.000,1.600,3.000,1545.139,270.584,2063.955,2827.017,329.880,75.243,442.873,335.613,7394.950,9746.140,1014.700,2808.340,1183.610,4464.836,3.180,9.547
12.000,102.381,2.400,11.940,1.000,2.000,3.100,1545.238,270.300,2063.955,2827.017,329.300,73.830,442.873,335.613,7394.950,9746.140,1014.700,2808.340,1181.617,4465.298,3.160,9.550
11.455,85.157,2.286,11.537,1.000,1.000,3.000,1545.242,271.306,2063.955,2827.017,329.300,73.813,442.873,335.613,7394.950,9746.140,1014.700,2808.340,1181.600,4465.374,3.160,9.552
11.455,96.339,2.286,11.537,1.000,1.000,3.000,1545.352,272.067,2063.955,2827.017,328.767,71.983,442.873,335.613,7394.950,9746.140,1014.700,2808.340,1179.237,4466.013,3.130,9.559
12.095,109.420,2.300,12.110,1.000,1.000,3.100,1545.223,272.183,1997.716,2056.207,329.480,73.780,382.380,216.003,7392.000,9746.140,932.050,2293.260,1001.643,3803.215,2.883,8.904
12.800,111.460,2.316,12.742,1.000,1.000,3.200,1545.298,272.268,1935.264,354.345,329.033,73.577,331.223,64.370,7392.000,9746.140,774.100,1701.580,798.203,2916.241,2.530,8.068
14.421,111.823,1.368,0.443,1.000,1.000,2.200,59.463,82.410,1667.164,326.558,11.890,24.730,224.340,48.940,134.000,2809.960,218.000,929.620,309.900,1921.623,0.853,3.605
13.700,136.710,1.368,0.443,1.000,1.000,2.200,59.499,88.566,1667.164,326.558,12.157,26.430,224.340,48.940,134.000,2809.960,214.050,929.620,311.867,1921.661,0.870,3.608
15.611,146.015,1.118,0.104,1.000,1.000,1.400,57.112,88.517,593.434,218.948,11.050,26.037,55.273,20.337,40.000,134.000,177.450,506.780,112.697,876.450,0.547,2.450
17.750,158.062,1.067,0.062,1.000,1.000,1.000,56.462,76.796,332.566,139.318,9.937,20.920,26.760,10.533,40.000,134.000,129.800,330.160,68.150,539.058,0.410,1.738
17.750,182.062,1.067,0.062,1.000,1.000,1.000,56.390,77.121,332.566,139.318,9.537,20.080,26.760,10.533,40.000,134.000,129.800,330.160,66.910,539.148,0.390,1.731
17.750,232.188,1.067,0.062,1.000,1.000,1.000,56.865,77.104,332.566,139.318,10.117,20.603,26.760,10.533,40.000,134.000,121.450,330.160,68.013,539.193,0.407,1.742
20.429,238.388,1.077,0.071,1.000,1.000,1.000,56.344,69.165,332.566,139.318,9.803,19.273,26.760,10.533,40.000,134.000,138.450,235.960,66.370,537.964,0.397,1.716
18.933,235.929,1.143,0.122,1.000,1.000,1.700,71.788,75.857,417.255,195.654,12.657,21.930,51.353,21.230,40.000,174.800,164.600,390.820,107.170,666.606,0.500,2.031
16.588,252.948,1.125,0.109,1.000,1.000,1.500,71.902,88.799,417.255,195.654,13.057,26.370,51.353,21.230,41.600,174.800,189.100,579.100,112.010,667.986,0.523,2.045
15.556,245.469,1.176,0.145,1.000,1.000,2.000,72.544,97.924,624.110,3761.045,14.570,31.987,78.367,238.513,82.000,253.000,237.400,633.280,363.437,4298.566,0.963,6.863
17.688,224.340,1.133,0.116,1.000,1.000,1.600,51.031,93.771,530.731,3759.102,10.913,29.470,51.607,227.980,41.600,134.000,208.100,541.740,319.970,4268.529,0.833,6.710
17.688,217.715,1.133,0.116,1.000,1.000,1.600,50.854,88.381,530.731,3759.102,10.513,27.707,51.607,227.980,40.000,134.000,208.100,391.060,317.807,4268.528,0.817,6.708
17.688,220.465,1.133,0.116,1.000,1.000,1.600,50.829,90.252,530.731,3759.102,10.380,28.037,51.607,227.980,40.000,134.000,208.650,399.880,318.003,4268.544,0.810,6.707
15.556,183.691,1.176,0.145,1.000,1.000,2.000,51.369,93.665,530.731,3759.102,11.093,30.620,51.607,227.980,41.600,134.000,221.700,418.500,321.300,4268.426,0.843,6.711
13.900,138.990,1.158,0.133,1.000,1.000,2.000,65.379,97.099,530.731,3759.102,14.037,33.040,51.607,227.980,80.000,174.580,235.950,459.660,326.663,4268.585,0.900,6.739
12.500,121.250,1.190,0.154,1.000,1.000,2.000,66.533,99.492,736.876,3765.031,14.580,34.127,89.647,249.047,134.000,723.400,326.050,651.520,387.400,4328.520,1.037,6.982
11.333,98.972,1.217,0.170,1.000,1.000,2.000,67.159,100.210,804.622,4807.542,15.160,34.357,111.937,495.127,134.000,2173.840,357.600,894.840,656.580,5425.783,1.433,8.424
11.913,89.297,1.182,0.149,1.000,1.000,2.000,49.859,92.491,766.091,4806.633,11.860,30.937,87.343,484.430,120.700,212.820,321.300,651.520,614.570,5415.673,1.323,8.363
13.143,99.265,1.200,0.160,1.000,1.000,2.000,49.662,79.456,766.091,4806.633,11.327,25.613,87.343,484.430,120.700,212.820,221.550,547.640,608.713,5416.041,1.293,8.362
14.684,82.848,1.167,0.139,1.000,1.000,2.000,49.086,66.525,609.892,3017.186,9.993,19.303,60.330,267.147,72.400,174.580,180.750,416.840,356.773,3380.187,0.847,5.226
13.800,101.560,1.200,0.160,1.000,1.000,2.000,49.651,67.890,648.674,3019.491,10.707,20.717,73.310,274.920,134.000,212.820,205.250,466.300,379.653,3397.579,0.940,5.357
14.632,100.022,1.222,0.173,1.000,1.000,2.000,49.113,65.252,648.674,3019.491,10.127,19.137,73.310,274.920,82.700,212.820,195.450,466.300,377.493,3397.720,0.913,5.352
12.500,91.977,1.190,0.154,1.000,1.000,2.000,49.166,64.010,648.674,3019.491,10.393,19.727,73.310,274.920,82.700,212.820,195.450,466.300,378.350,3397.628,0.937,5.355
13.190,99.773,1.150,0.128,1.000,1.000,2.000,49.113,59.309,648.674,3019.491,10.127,17.780,73.310,274.920,82.700,212.820,195.200,466.300,376.137,3397.758,0.917,5.354
12.545,102.430,1.143,0.122,1.000,1.000,2.000,28.876,51.174,717.401,3021.842,7.727,15.077,98.013,285.603,134.000,1103.720,169.550,944.820,406.420,3425.210,0.957,5.465
13.143,98.122,1.200,0.260,1.000,1.000,2.000,25.188,50.705,578.212,5030.542,7.270,16.323,88.240,510.970,44.700,2145.120,169.350,1813.420,622.803,5341.507,1.243,7.420
13.900,110.990,1.158,0.238,1.000,1.000,1.200,24.183,46.814,478.374,4046.869,6.737,14.773,65.950,264.890,40.000,174.040,158.000,267.400,352.350,4220.323,0.840,5.720
14.684,155.900,1.167,0.250,1.000,1.000,1.300,25.200,44.992,478.374,4046.869,7.050,14.197,65.950,264.890,40.000,174.040,143.750,267.400,352.087,4220.332,0.840,5.721
16.529,185.779,1.188,0.277,1.000,1.000,1.500,23.959,43.642,478.374,4046.869,6.337,12.997,65.950,264.890,40.000,174.040,137.300,267.400,350.173,4220.445,0.810,5.717
16.529,165.779,1.188,0.277,1.000,1.000,1.500,24.109,45.420,478.374,4046.869,6.603,14.087,65.950,264.890,40.000,174.040,158.000,267.400,351.530,4220.366,0.823,5.717
17.688,184.715,1.133,0.249,1.000,1.000,1.000,24.035,43.709,424.076,4045.131,6.470,13.333,52.970,257.117,40.000,134.000,137.300,224.600,329.890,4206.158,0.750,5.596
17.625,220.734,1.125,0.234,1.000,1.000,1.000,24.990,43.623,424.076,4045.131,6.650,13.097,52.970,257.117,40.000,134.000,137.300,224.600,329.833,4206.173,0.750,5.598
18.867,211.982,1.214,0.311,1.000,1.000,1.700,23.647,39.019,517.944,4045.904,5.803,10.783,77.557,267.867,75.100,2145.120,137.300,877.940,362.010,4221.417,0.793,5.654
18.867,224.782,1.214,0.311,1.000,1.000,1.700,23.485,37.201,517.944,4045.904,5.537,9.823,77.557,267.867,75.100,2145.120,128.450,877.940,360.783,4221.493,0.780,5.653
23.833,231.139,1.273,0.380,1.000,1.000,2.000,22.548,38.990,416.377,4044.102,5.127,9.977,52.853,257.183,40.000,144.600,120.100,281.700,325.140,4198.783,0.690,5.514
24.000,270.167,1.091,0.083,1.000,1.000,1.000,23.547,38.329,301.712,108.552,4.907,7.853,24.587,10.750,40.000,134.000,111.150,159.680,48.097,390.879,0.267,1.212
24.000,206.833,1.091,0.083,1.000,1.000,1.000,23.016,42.344,301.712,108.552,5.127,9.440,24.587,10.750,40.000,134.000,111.150,194.580,49.903,391.239,0.287,1.224
19.000,210.933,1.071,0.066,1.000,1.000,1.000,53.757,376.945,552.277,2714.017,7.953,31.090,61.993,179.427,72.400,144.600,114.000,428.700,280.463,3231.194,0.700,5.415
14.789,194.798,1.056,0.052,1.000,1.000,1.000,54.300,377.098,595.045,2714.427,8.667,32.483,80.783,185.053,134.000,2086.820,121.550,759.400,306.987,3239.982,0.777,5.438
15.667,178.000,1.059,0.055,1.000,1.000,1.000,53.757,376.882,595.045,2714.427,7.953,30.860,80.783,185.053,82.700,2086.820,114.000,759.400,304.650,3240.120,0.750,5.434
14.789,143.745,1.056,0.052,1.000,1.000,1.000,54.464,379.291,595.045,2714.427,8.487,33.480,80.783,185.053,134.000,2086.820,114.300,773.120,307.803,3240.270,0.790,5.472
14.000,138.900,1.053,0.050,1.000,1.000,1.000,54.520,379.471,631.486,2715.872,8.753,34.543,93.527,192.987,134.000,2377.020,186.550,877.040,329.810,3254.124,0.867,5.572
14.842,180.343,1.000,0.000,1.000,1.000,1.000,55.019,379.503,557.794,2714.423,9.333,35.240,68.940,182.237,82.700,212.140,117.150,731.800,295.750,3234.099,0.800,5.513
14.050,132.347,1.000,0.000,1.000,1.000,1.000,55.182,379.682,557.794,2714.423,9.523,36.053,68.940,182.237,82.700,212.140,121.550,731.800,296.753,3234.053,0.817,5.519
12.087,110.775,1.000,0.000,1.000,1.000,1.000,55.510,383.312,557.794,2714.423,10.457,41.713,68.940,182.237,120.700,198.420,186.550,760.220,303.347,3234.069,0.870,5.535
12.682,101.490,1.000,0.000,1.000,1.000,1.000,55.436,382.791,557.794,2714.423,10.590,41.550,68.940,182.237,120.700,198.420,184.550,760.220,303.317,3233.988,0.870,5.528
13.286,144.776,1.000,0.000,1.000,1.000,1.000,55.726,382.563,557.794,2714.423,10.637,40.857,68.940,182.237,134.000,198.420,159.300,760.220,302.670,3234.008,0.863,5.528
14.050,146.647,1.000,0.000,1.000,1.000,1.000,26.660,80.571,444.732,187.217,7.497,19.243,56.807,24.420,82.000,151.180,135.200,731.580,107.967,629.959,0.533,2.123
16.706,136.208,1.000,0.000,1.000,1.000,1.000,26.660,80.203,384.470,176.116,7.497,19.013,38.017,18.793,72.400,134.000,129.050,497.760,83.320,574.005,0.483,2.070
14.050,167.248,1.000,0.000,1.000,1.000,1.000,27.694,82.130,532.925,242.106,8.077,20.450,68.413,32.437,120.700,151.180,135.200,760.220,129.377,783.303,0.600,2.414
15.722,180.201,1.000,0.000,1.000,1.000,1.000,25.231,71.129,532.925,242.106,7.097,18.140,68.413,32.437,80.000,134.340,135.200,731.580,126.087,782.055,0.547,2.314
15.722,146.090,1.000,0.000,1.000,1.000,1.000,25.641,73.267,488.541,219.594,7.497,19.550,55.670,24.503,80.000,134.000,134.150,416.560,107.220,716.169,0.507,2.071
15.722,142.090,1.000,0.000,1.000,1.000,1.000,25.894,74.807,488.541,219.594,8.030,21.567,55.670,24.503,80.000,134.000,147.200,416.560,109.770,716.127,0.533,2.077
14.842,158.028,1.000,0.000,1.000,1.000,1.000,28.752,79.243,488.541,219.594,8.907,24.277,55.670,24.503,80.000,134.000,159.050,441.060,113.357,716.790,0.577,2.136
16.706,164.913,1.000,0.000,1.000,1.000,1.000,26.740,58.687,488.541,219.594,8.193,20.543,55.670,24.503,40.000,134.000,155.050,311.620,108.910,714.681,0.550,2.079
16.706,134.561,1.000,0.000,1.000,1.000,1.000,27.400,60.370,488.541,219.594,8.193,20.920,55.670,24.503,40.000,134.800,156.600,311.620,109.287,714.941,0.553,2.101
16.706,158.561,1.000,0.000,1.000,1.000,1.000,27.284,59.501,488.541,219.594,7.927,19.910,55.670,24.503,40.000,134.800,156.600,311.620,108.010,714.970,0.540,2.098
17.812,198.152,1.000,0.000,1.000,1.000,1.000,28.120,59.244,372.160,167.663,8.107,19.530,30.397,13.643,40.000,134.000,151.200,276.300,71.677,543.912,0.450,1.660
19.067,166.329,1.000,0.000,1.000,1.000,1.000,27.164,58.841,372.160,167.663,7.660,19.050,30.397,13.643,40.000,134.000,151.200,276.300,70.750,543.816,0.437,1.647
19.067,191.529,1.000,0.000,1.000,1.000,1.000,27.224,57.846,329.557,137.855,7.793,19.257,26.550,10.550,40.000,134.000,155.050,235.820,64.150,470.772,0.430,1.540
17.812,176.152,1.000,0.000,1.000,1.000,1.000,28.231,56.386,329.557,137.855,8.373,19.383,26.550,10.550,40.000,134.000,151.200,217.360,64.857,470.659,0.450,1.556
20.500,199.393,1.000,0.000,1.000,1.000,1.000,26.906,52.914,329.557,137.855,7.527,17.580,26.550,10.550,40.000,134.000,147.400,203.280,62.207,470.125,0.413,1.517
17.750,223.438,1.067,0.062,1.000,1.000,1.000,27.164,54.852,329.557,137.855,7.660,18.153,26.550,10.550,40.000,134.000,156.050,235.160,62.913,470.409,0.433,1.553
22.000,195.692,1.077,0.071,1.000,1.000,1.000,23.676,46.116,329.557,137.855,6.593,14.647,26.550,10.550,40.000,134.000,121.950,203.640,58.340,468.828,0.373,1.438
19.000,207.867,1.071,0.066,1.000,1.000,1.000,24.789,55.955,329.557,137.855,6.640,15.007,26.550,10.550,40.000,134.000,119.100,243.120,58.747,470.145,0.367,1.467
20.429,177.388,1.077,0.071,1.000,1.000,1.000,22.824,52.861,329.557,137.855,6.060,13.663,26.550,10.550,40.000,134.000,114.000,176.360,56.823,469.498,0.343,1.416
20.429,167.959,1.077,0.071,1.000,1.000,1.000,22.742,52.668,329.557,137.855,5.927,13.353,26.550,10.550,40.000,134.000,114.000,176.360,56.380,469.489,0.337,1.413
20.429,192.959,1.077,0.071,1.000,1.000,1.000,22.904,53.215,329.557,137.855,6.193,14.073,26.550,10.550,40.000,134.000,114.000,176.360,57.367,469.525,0.350,1.419
17.750,206.562,1.067,0.062,1.000,1.000,1.000,165.426,175.423,419.394,188.261,15.820,23.897,41.640,18.000,40.000,134.000,114.250,243.120,99.357,858.322,0.510,2.949
17.625,207.609,1.200,0.160,1.000,1.000,2.000,165.717,176.420,348.733,178.037,16.120,23.787,35.090,17.893,80.000,134.200,114.000,252.540,92.890,772.125,0.483,2.789
17.625,205.609,1.200,0.160,1.000,1.000,2.000,165.955,180.023,348.733,178.037,16.373,26.517,35.090,17.893,80.000,144.000,120.050,426.060,95.873,773.035,0.490,2.799
16.529,202.131,1.188,0.152,1.000,1.000,2.000,166.088,179.851,348.733,178.037,16.687,26.247,35.090,17.893,80.000,144.000,114.250,426.060,95.917,773.048,0.497,2.805
18.933,219.662,1.143,0.122,1.000,1.000,1.700,166.041,181.525,348.733,178.037,16.020,25.277,35.090,17.893,80.000,144.000,114.000,430.260,94.280,773.491,0.450,2.781
17.625,237.234,1.200,0.160,1.000,1.000,2.000,166.198,184.063,576.420,3701.753,16.820,28.753,61.750,231.783,80.700,174.720,114.300,492.180,339.107,4247.448,0.853,6.959
20.286,258.633,1.231,0.178,1.000,1.000,2.000,166.030,180.968,636.040,3703.522,16.373,27.097,77.507,239.223,80.700,210.000,122.150,493.780,360.200,4264.491,0.893,7.020
18.867,237.982,1.214,0.168,1.000,1.000,2.000,166.085,180.894,671.015,3703.710,16.553,26.820,90.133,242.327,96.000,261.900,125.950,588.000,375.833,4271.836,0.913,7.026
18.867,232.249,1.214,0.168,1.000,1.000,2.000,166.090,181.229,671.015,3703.710,16.820,27.867,90.133,242.327,96.000,261.900,146.950,588.000,377.147,4271.752,0.927,7.026
18.867,255.982,1.214,0.168,1.000,1.000,2.000,166.090,182.395,671.015,3703.710,16.820,28.893,90.133,242.327,96.000,261.900,203.050,588.000,378.173,4271.727,0.927,7.026
20.286,247.776,1.231,0.178,1.000,1.000,2.000,27.581,73.466,784.069,5532.724,7.060,18.693,103.050,473.453,96.000,261.900,203.050,588.000,602.257,6236.619,1.160,9.573
24.000,199.833,1.091,0.083,1.000,1.000,1.000,25.531,69.965,750.968,5532.219,6.493,17.650,83.050,463.010,40.000,134.800,123.100,394.000,570.203,6233.469,1.090,9.565
28.900,273.290,1.100,0.090,1.000,1.000,1.100,23.299,59.368,750.968,5532.219,6.240,14.813,83.050,463.010,40.000,134.000,114.300,386.120,567.113,6233.582,1.083,9.560
29.000,521.600,1.111,0.099,1.000,1.000,1.200,22.268,59.561,750.968,5532.219,6.060,15.103,83.050,463.010,40.000,134.000,114.400,386.120,567.223,6233.567,1.083,9.559
29.000,521.600,1.111,0.099,1.000,1.000,1.200,22.351,52.415,750.968,5532.219,6.193,14.437,83.050,463.010,40.000,134.000,114.400,289.960,566.690,6233.546,1.090,9.559
26.182,548.694,1.091,0.083,1.000,1.000,1.000,20.932,42.763,673.670,4128.944,5.660,11.887,88.893,266.820,40.000,199.300,123.100,931.960,373.260,4659.460,0.813,7.223
24.000,534.167,1.091,0.083,1.000,1.000,1.000,22.028,42.106,617.968,4127.407,5.840,11.430,73.377,259.380,41.600,134.200,114.000,396.900,350.027,4643.919,0.757,7.156
26.273,493.107,1.100,0.090,1.000,1.000,1.100,21.697,60.437,579.438,4127.251,5.927,15.530,60.750,256.277,40.000,134.000,123.650,391.200,338.483,4637.021,0.750,7.149
26.273,521.107,1.100,0.090,1.000,1.000,1.100,22.109,65.720,579.438,4127.251,6.327,16.860,60.750,256.277,40.000,134.000,123.650,501.940,340.213,4637.007,0.777,7.160
26.273,536.926,1.100,0.090,1.000,1.000,1.100,21.942,61.764,579.438,4127.251,6.060,15.113,60.750,256.277,40.000,134.000,114.350,501.940,338.200,4637.078,0.763,7.159
24.000,555.167,1.091,0.083,1.000,1.000,1.000,24.844,78.870,562.423,3495.996,7.173,19.137,59.560,219.740,41.600,134.000,121.100,501.940,305.610,4037.534,0.770,6.824
26.273,353.471,1.100,0.090,1.000,1.000,1.100,23.665,78.462,562.423,3495.996,6.593,18.347,59.560,219.740,40.000,134.000,119.100,501.940,304.240,4037.601,0.750,6.821
22.077,228.071,1.083,0.076,1.000,1.000,1.000,24.553,81.424,562.423,3495.996,6.860,19.670,59.560,219.740,41.600,134.000,121.750,501.940,305.830,4037.581,0.763,6.825
23.917,313.076,1.083,0.076,1.000,1.000,1.000,24.920,80.976,562.423,3495.996,6.907,18.980,59.560,219.740,72.400,134.000,119.100,501.940,305.187,4037.615,0.757,6.825
24.000,545.000,1.091,0.083,1.000,1.000,1.000,23.738,79.321,562.423,3495.996,6.327,17.673,59.560,219.740,41.600,134.000,114.250,501.940,303.300,4037.688,0.737,6.822
26.273,545.835,1.000,0.000,1.000,1.000,1.000,24.037,79.651,567.358,3495.795,6.460,18.117,53.573,212.740,40.000,134.000,114.000,298.780,290.890,4039.079,0.720,6.828
24.083,494.410,1.000,0.000,1.000,1.000,1.000,23.885,78.852,567.366,3495.795,6.193,17.130,53.333,212.740,40.000,134.000,114.000,298.780,289.397,4039.153,0.703,6.827
20.500,445.393,1.000,0.000,1.000,1.000,1.000,24.848,68.462,607.474,3497.995,6.373,14.370,66.067,220.660,42.000,134.000,114.000,248.800,307.470,4055.222,0.767,6.929
22.154,475.976,1.000,0.000,1.000,1.000,1.000,23.171,61.866,607.474,3497.995,5.260,11.613,66.067,220.660,40.000,134.000,106.050,168.580,303.600,4055.326,0.713,6.915
20.500,459.964,1.000,0.000,1.000,1.000,1.000,23.275,67.230,607.474,3497.995,5.927,14.580,66.067,220.660,40.000,134.000,114.000,254.160,307.233,4055.179,0.753,6.919
22.154,443.207,1.000,0.000,1.000,1.000,1.000,21.413,45.947,395.106,195.616,5.260,10.927,39.250,18.620,40.000,134.000,103.200,191.240,74.057,604.154,0.360,1.856
22.077,486.071,1.000,0.000,1.000,1.000,1.000,22.743,46.588,395.106,195.616,5.840,11.633,39.250,18.620,40.000,134.000,107.350,191.240,75.343,604.217,0.380,1.870
24.000,299.833,1.000,0.000,1.000,1.000,1.000,20.974,40.427,616.896,3879.946,4.993,9.603,66.780,242.780,40.000,134.000,98.250,191.240,324.157,4396.815,0.727,6.917
16.706,190.796,1.000,0.000,1.000,1.000,1.000,21.836,43.245,655.518,3880.165,5.393,11.110,85.390,248.043,42.000,186.700,114.000,365.840,349.937,4404.973,0.790,6.939
17.750,199.188,1.000,0.000,1.000,1.000,1.000,22.591,51.113,655.518,3880.165,5.973,13.267,85.390,248.043,80.000,186.700,116.000,462.860,352.673,4404.871,0.810,6.939
22.154,338.284,1.000,0.000,1.000,1.000,1.000,21.002,51.311,569.668,3878.283,5.393,12.680,58.873,237.343,40.000,134.000,114.000,258.080,314.290,4382.291,0.700,6.838
22.154,321.669,1.000,0.000,1.000,1.000,1.000,21.094,54.055,569.668,3878.283,5.527,13.707,58.873,237.343,40.000,134.000,114.000,309.040,315.450,4382.254,0.707,6.839
20.500,335.679,1.000,0.000,1.000,1.000,1.000,21.185,53.962,568.065,3877.135,5.660,14.247,58.870,237.020,40.000,134.000,164.250,361.980,315.797,4377.747,0.710,6.804
19.067,322.862,1.000,0.000,1.000,1.000,1.000,22.437,54.261,568.065,3877.135,6.107,14.627,58.870,237.020,40.000,134.000,164.250,361.980,316.623,4377.711,0.723,6.807
22.154,364.592,1.000,0.000,1.000,1.000,1.000,21.250,53.973,568.065,3877.135,5.260,13.117,58.870,237.020,40.000,134.000,114.000,459.080,314.267,4377.842,0.683,6.801
24.083,510.910,1.000,0.000,1.000,1.000,1.000,20.556,53.616,568.065,3877.135,5.127,12.820,58.870,237.020,40.000,134.000,114.000,459.080,313.837,4377.855,0.677,6.798
22.077,633.456,1.083,0.076,1.000,1.000,1.000,20.556,53.552,640.759,3878.076,5.127,12.777,83.237,247.553,41.600,184.460,169.400,653.600,348.693,4393.939,0.757,6.891
20.429,600.673,1.077,0.071,1.000,1.000,1.000,21.942,56.325,574.522,4025.912,5.707,14.157,77.767,256.110,72.000,184.460,178.050,653.600,353.740,4446.798,0.750,6.449
26.273,626.926,1.100,0.090,1.000,1.000,1.100,20.556,55.091,529.762,4025.711,5.127,13.160,59.157,250.847,40.000,134.000,116.600,466.580,328.290,4438.727,0.690,6.426
24.000,453.167,1.091,0.083,1.000,1.000,1.000,20.967,47.951,529.762,4025.711,4.860,11.040,59.157,250.847,40.000,134.000,114.000,466.580,325.903,4438.803,0.677,6.427
26.182,557.240,1.091,0.083,1.000,1.000,1.000,21.855,48.638,529.762,4025.711,5.573,11.997,59.157,250.847,40.000,134.000,114.000,466.580,327.573,4438.705,0.703,6.429
26.273,783.471,1.100,0.090,1.000,1.000,1.100,20.556,45.705,529.762,4025.711,5.127,11.040,59.157,250.847,40.000,134.000,114.000,466.580,326.170,4438.751,0.690,6.426
32.333,773.556,1.125,0.109,1.000,1.000,1.300,21.408,45.920,484.948,4024.965,5.127,10.543,46.427,243.250,40.000,134.000,89.600,299.320,305.347,4428.613,0.630,6.359
32.333,718.000,1.125,0.109,1.000,1.000,1.300,21.500,46.738,484.948,4024.965,5.260,11.083,46.427,243.250,40.000,134.000,101.650,299.320,306.020,4428.582,0.637,6.360
26.273,543.653,1.100,0.090,1.000,1.000,1.100,22.658,39.233,555.461,4026.760,5.573,9.930,62.247,251.063,40.000,134.000,114.000,299.320,328.813,4445.761,0.713,6.469
24.000,470.667,1.091,0.083,1.000,1.000,1.000,21.985,39.026,576.061,4026.920,5.127,9.550,71.287,254.147,40.000,134.800,114.000,321.540,340.110,4449.856,0.720,6.476
24.083,534.410,1.000,0.000,1.000,1.000,1.000,22.811,51.687,493.346,4026.032,5.793,12.730,46.920,243.613,40.000,134.000,114.000,299.320,309.057,4433.845,0.680,6.391
22.077,533.148,1.083,0.076,1.000,1.000,1.000,25.762,57.463,501.075,4186.283,6.630,14.103,53.840,265.507,40.000,134.800,114.000,340.200,340.080,4371.401,0.780,6.010
20.429,529.816,1.077,0.071,1.000,1.000,1.000,26.785,62.305,501.075,4186.283,7.077,15.727,53.840,265.507,42.000,134.800,114.750,386.260,342.150,4371.341,0.793,6.013
22.077,371.609,1.083,0.076,1.000,1.000,1.000,25.899,62.347,501.075,4186.283,6.897,15.957,53.840,265.507,40.000,134.800,114.750,386.260,342.200,4371.327,0.793,6.010
20.429,258.531,1.077,0.071,1.000,1.000,1.000,26.107,60.370,501.075,4186.283,6.363,14.200,53.840,265.507,40.000,134.800,114.000,386.260,339.910,4371.462,0.767,6.012
22.000,345.385,1.077,0.071,1.000,1.000,1.000,26.720,60.954,501.075,4186.283,6.943,15.023,53.840,265.507,42.000,134.800,114.000,386.260,341.313,4371.378,0.787,6.012
22.077,537.456,1.083,0.076,1.000,1.000,1.000,24.767,57.921,501.075,4186.283,6.097,13.260,53.840,265.507,40.000,134.000,114.000,386.260,338.703,4371.477,0.753,6.005
19.000,475.467,1.071,0.066,1.000,1.000,1.000,24.767,57.426,583.817,4187.957,6.097,13.000,77.960,276.220,80.700,252.440,114.000,529.080,373.277,4391.251,0.837,6.097
20.429,507.102,1.077,0.071,1.000,1.000,1.000,24.767,57.866,517.665,4186.278,6.097,13.227,62.140,268.407,42.000,135.540,114.000,449.460,349.870,4374.075,0.767,5.984
20.429,477.673,1.077,0.071,1.000,1.000,1.000,25.838,58.152,494.472,4186.134,6.543,13.607,53.100,265.323,42.000,134.000,114.000,386.260,338.573,4369.945,0.760,5.980
22.077,498.840,1.083,0.076,1.000,1.000,1.000,24.551,50.217,494.472,4186.134,5.963,11.853,53.100,265.323,40.000,134.000,114.000,257.600,336.240,4369.960,0.733,5.965
26.182,477.967,1.200,0.360,1.000,1.000,1.200,22.493,65.350,303.914,140.377,5.793,13.677,24.120,10.713,40.000,134.000,114.000,246.180,54.303,449.553,0.313,1.386
23.917,499.076,1.182,0.331,1.000,1.000,1.000,22.408,61.751,434.966,223.889,5.660,12.400,48.890,23.567,42.000,134.000,114.000,250.000,90.517,670.061,0.400,1.975
22.000,459.846,1.167,0.306,1.000,1.000,1.000,23.516,64.520,434.966,223.889,5.973,13.303,48.890,23.567,80.000,134.000,114.000,342.120,91.733,670.254,0.407,1.982
22.000,254.615,1.167,0.306,1.000,1.000,1.000,22.493,70.158,434.966,223.889,5.793,15.293,48.890,23.567,42.000,134.000,114.000,406.800,93.543,670.641,0.410,1.979
20.286,131.490,1.231,0.331,1.000,1.000,1.800,22.961,69.645,636.739,3629.871,5.660,14.670,75.947,233.167,80.000,134.000,114.000,452.980,329.443,4148.385,0.767,6.676
20.214,132.740,1.214,0.311,1.000,1.000,1.700,23.901,72.823,636.739,3629.871,6.640,17.520,75.947,233.167,80.000,134.000,155.200,452.980,333.273,4148.181,0.810,6.678
23.833,161.639,1.273,0.380,1.000,1.000,2.000,22.821,74.312,561.759,3627.813,6.327,18.137,51.827,222.453,40.000,134.000,116.050,341.320,298.743,4126.913,0.720,6.592
17.625,179.109,1.200,0.293,1.000,1.000,1.600,24.955,96.467,561.759,3627.813,7.793,25.287,51.827,222.453,80.000,134.000,186.450,448.360,307.360,4126.931,0.803,6.613
17.625,157.484,1.200,0.293,1.000,1.000,1.600,24.955,96.486,561.759,3627.813,7.793,25.307,51.827,222.453,80.000,134.000,186.450,448.360,307.380,4126.931,0.803,6.613
16.529,149.661,1.188,0.277,1.000,1.000,1.500,26.347,96.636,561.759,3627.813,7.973,25.097,51.827,222.453,80.000,134.000,195.750,448.360,307.350,4126.963,0.807,6.618
17.750,173.688,1.067,0.062,1.000,1.000,1.000,24.266,82.037,561.759,3627.813,6.593,20.237,51.827,222.453,40.000,134.000,156.550,341.320,301.110,4126.947,0.747,6.605
15.167,188.250,1.588,3.536,1.000,1.000,2.000,115.367,562.742,2143.771,18015.750,18.877,60.353,382.267,1628.717,134.000,10306.360,413.900,3259.460,2090.213,19778.686,3.023,21.727
12.571,171.769,1.714,3.156,1.000,1.000,2.000,116.654,563.322,2228.894,18016.046,21.203,65.153,457.240,1667.750,2773.750,10306.360,893.550,3923.540,2211.347,19792.583,3.360,21.825
9.481,147.213,1.692,2.905,1.000,1.000,2.500,129.285,563.718,2257.475,18015.495,26.350,69.757,497.550,1675.537,4143.250,10306.360,1133.200,3923.540,2269.193,19793.122,3.533,21.825
9.519,138.620,1.654,2.919,1.000,1.000,2.500,129.685,563.826,2214.219,17664.565,27.620,72.793,470.493,1465.937,3226.150,10306.360,942.000,3342.700,2036.843,19388.399,3.213,20.918
7.935,88.770,1.800,3.493,1.000,1.000,3.200,129.944,563.991,2431.396,17662.860,27.887,73.553,626.230,1525.333,4629.700,11112.820,1665.100,3342.700,2253.003,19414.253,3.637,21.006
7.594,79.179,1.781,3.296,1.000,1.000,2.900,130.329,563.832,2442.197,17662.704,29.127,74.343,642.033,1527.687,4672.450,11112.820,1665.100,3342.700,2273.190,19414.391,3.697,21.002
8.857,100.122,1.926,3.772,1.000,1.000,3.800,130.035,561.188,2442.197,17662.704,27.347,67.660,642.033,1527.687,4672.450,11112.820,1665.100,3342.700,2264.727,19415.244,3.607,21.007
8.517,103.698,1.893,3.667,1.000,1.000,3.600,130.052,561.849,2442.197,17662.704,27.747,70.097,642.033,1527.687,4672.450,11112.820,1665.100,3342.700,2267.563,19414.952,3.637,21.006
7.839,98.071,1.900,3.423,1.000,1.000,3.200,130.257,563.553,2483.424,18058.995,28.813,74.783,676.697,1767.457,4742.950,11112.820,1974.800,4299.680,2547.750,19798.150,4.103,21.605
7.531,87.124,1.844,3.257,1.000,1.000,2.900,130.338,563.517,2483.424,18058.995,29.927,77.483,676.697,1767.457,4742.950,11112.820,1974.800,4299.680,2551.563,19797.678,4.153,21.599
8.621,95.063,1.724,1.924,1.000,1.000,3.200,67.052,94.511,1712.077,3891.178,17.463,37.620,402.870,377.137,4143.250,5556.400,1404.800,2909.340,835.090,4528.944,2.023,6.825
10.400,124.880,1.600,1.760,1.000,1.000,2.600,64.477,89.142,1597.136,3876.837,15.403,33.523,327.897,338.103,2194.200,4740.220,1162.100,2511.160,714.927,4430.198,1.700,6.432
11.478,171.554,1.636,1.868,1.000,1.000,2.000,57.447,88.920,1604.135,3877.717,13.917,31.530,321.397,343.167,2001.100,4862.900,1394.300,2511.160,710.010,4436.626,1.667,6.478
11.478,176.076,1.636,1.868,1.000,1.000,2.000,56.246,87.227,1604.135,3877.717,12.780,29.103,321.397,343.167,2001.100,4862.900,1394.300,2511.160,706.447,4437.098,1.630,6.480
12.905,167.515,1.381,0.522,1.000,1.000,2.000,56.263,96.584,1304.479,3870.588,13.133,31.803,194.337,295.923,134.000,3221.320,526.350,1655.440,535.197,4297.430,1.357,6.341
10.760,153.782,1.292,0.457,1.000,1.000,2.000,56.286,109.746,1627.861,3872.644,13.673,36.797,249.810,304.667,134.000,3929.540,609.150,2511.160,604.947,4424.399,1.553,6.704
9.556,134.765,1.500,1.179,1.000,1.000,2.000,105.391,484.091,2910.031,5842.737,24.703,82.773,612.597,720.357,3242.800,10845.080,1611.400,6630.920,1440.430,7287.131,3.067,11.376
8.690,102.904,1.714,1.633,1.000,1.000,3.300,105.169,483.673,3025.845,8906.269,25.190,84.887,730.183,1170.640,5377.100,10956.700,2578.750,7348.740,2010.900,10018.454,3.837,13.600
9.071,100.709,1.704,1.690,1.000,1.000,3.400,104.895,484.010,3001.965,8054.595,24.923,86.387,711.657,933.230,4865.050,10956.700,2057.800,6891.600,1756.197,9222.807,3.437,12.612
9.036,99.820,1.741,1.674,1.000,1.000,3.400,105.180,485.030,3001.965,8054.595,25.323,87.940,711.657,933.230,4865.050,10956.700,2057.800,6891.600,1758.150,9222.541,3.467,12.619
8.793,94.716,1.607,1.453,1.000,1.000,2.300,105.368,485.528,2851.410,8053.372,26.437,92.253,630.273,904.433,4314.700,10845.080,1611.400,6891.600,1653.397,9163.430,3.280,12.437
8.467,55.049,1.586,1.415,1.000,1.000,2.200,105.341,485.718,2851.410,8053.372,26.390,93.813,630.273,904.433,4314.700,10845.080,1611.400,6891.600,1654.910,9163.191,3.290,12.436
8.433,51.312,1.621,1.408,1.000,1.000,2.200,105.398,485.078,2839.431,8054.267,27.680,95.307,622.523,904.293,4314.700,10845.080,1629.400,6891.600,1649.803,9163.179,3.347,12.457
8.433,54.112,1.621,1.408,1.000,1.000,2.200,105.496,485.029,2839.431,8054.267,28.613,98.583,622.523,904.293,4314.700,10845.080,1629.400,6891.600,1654.013,9162.480,3.393,12.450
8.433,60.112,1.621,1.408,1.000,1.000,2.200,105.489,483.766,2802.613,8053.635,28.660,96.810,593.847,892.140,4251.850,10845.080,1500.750,6891.600,1611.457,9142.937,3.280,12.329
9.846,63.899,1.760,1.542,1.000,2.000,2.600,105.001,481.936,2624.619,8053.439,27.813,95.147,522.570,881.043,3154.000,7886.340,1296.450,6891.600,1526.573,9087.203,3.077,12.159
11.565,74.681,1.545,0.884,1.000,1.000,2.000,56.585,105.151,1002.475,6771.356,17.763,50.897,159.783,465.353,134.000,3362.860,351.600,1300.240,693.797,7013.623,1.603,7.962
11.652,76.922,1.391,0.499,1.000,1.000,2.000,78.848,106.116,552.963,225.322,21.037,51.190,71.157,25.597,94.000,189.880,320.400,633.760,168.980,794.198,0.950,2.312
12.318,76.490,1.381,0.522,1.000,1.000,2.000,78.361,97.041,479.256,221.843,20.057,46.830,55.020,23.237,80.000,160.280,307.450,414.520,145.143,729.586,0.880,2.252
10.680,78.458,1.375,0.568,1.000,1.000,2.000,78.087,106.930,479.256,221.843,20.457,53.300,55.020,23.237,80.000,151.460,344.050,433.140,152.013,730.200,0.900,2.198
10.640,71.590,1.417,0.576,1.000,1.000,2.000,78.088,104.494,652.900,258.346,20.057,50.300,88.520,32.860,80.700,1004.600,375.550,652.120,191.737,926.365,0.957,2.461
9.286,67.633,1.481,0.768,1.000,1.000,2.400,81.743,107.992,735.944,290.266,22.250,52.410,115.673,42.633,134.000,2834.980,402.600,702.580,232.967,1036.700,1.100,2.723
10.600,53.840,1.458,0.832,1.000,1.000,2.700,65.926,113.329,663.283,233.585,17.433,49.817,89.613,29.923,80.700,1004.600,395.350,658.820,186.787,884.472,0.910,2.288
9.321,56.432,1.444,0.765,1.000,1.000,2.400,65.641,116.091,663.283,233.585,17.833,52.453,89.613,29.923,80.700,1004.600,395.350,658.820,189.823,884.372,0.940,2.290
10.154,58.976,1.440,0.806,1.000,1.000,2.600,65.371,113.606,663.283,233.585,17.167,49.873,89.613,29.923,80.700,1004.600,395.350,658.820,186.577,884.307,0.900,2.261
9.741,76.192,1.423,0.783,1.000,1.000,2.500,66.137,114.218,663.283,233.585,17.480,49.270,89.613,29.923,94.000,1004.600,386.450,658.820,186.287,884.713,0.907,2.297
9.286,69.990,1.429,0.745,1.000,1.000,2.300,81.207,119.699,737.534,290.744,19.837,51.510,115.923,42.800,134.000,2835.800,418.150,788.820,230.070,1015.136,1.000,2.634
9.429,72.531,1.333,0.519,1.000,1.000,2.000,60.091,118.355,651.259,257.260,16.210,49.130,86.963,32.273,80.700,880.140,386.450,658.820,184.577,908.723,0.883,2.438
9.034,67.688,1.310,0.490,1.000,1.000,2.000,60.285,116.567,651.259,257.260,17.190,50.620,86.963,32.273,94.000,880.140,375.500,658.820,187.047,908.155,0.933,2.449
9.889,88.914,1.269,0.428,1.000,1.000,2.000,59.865,105.621,651.259,257.260,15.943,43.317,86.963,32.273,80.700,880.140,342.000,652.940,178.497,907.689,0.867,2.432
10.800,101.520,1.250,0.438,1.000,1.000,2.000,59.784,105.817,476.908,220.553,16.077,44.173,53.463,22.650,80.000,178.600,321.100,461.340,136.363,705.431,0.787,2.145
10.920,125.114,1.125,0.109,1.000,1.000,1.700,54.879,101.428,429.379,216.856,14.463,42.237,42.303,20.300,80.000,134.000,292.250,377.160,119.303,657.609,0.727,2.056
10.037,117.147,1.115,0.102,1.000,1.000,1.500,55.507,92.409,429.379,216.856,15.043,40.333,42.303,20.300,80.000,134.000,287.250,363.280,117.980,656.502,0.747,2.081
10.500,118.481,1.080,0.074,1.000,1.000,1.000,55.050,90.296,429.379,216.856,13.930,37.567,42.303,20.300,80.000,134.000,285.100,352.220,114.100,656.406,0.697,2.060
10.500,103.404,1.080,0.074,1.000,1.000,1.000,55.156,96.686,429.379,216.856,14.330,39.790,42.303,20.300,80.000,134.000,287.500,363.280,116.723,657.357,0.727,2.102
10.538,99.095,1.040,0.038,1.000,1.000,1.000,54.914,96.063,429.379,216.856,14.197,38.700,42.303,20.300,80.000,134.000,283.100,379.400,115.500,657.248,0.720,2.103
11.000,125.760,1.042,0.040,1.000,1.000,1.000,55.303,90.306,432.962,214.935,14.250,36.163,43.100,20.083,80.000,134.000,279.200,363.280,113.597,637.102,0.700,1.996
11.500,131.333,1.043,0.042,1.000,1.000,1.000,54.806,89.651,432.962,214.935,14.070,36.757,43.100,20.083,80.000,134.000,276.150,347.600,114.010,636.848,0.700,1.979
11.000,110.880,1.042,0.040,1.000,1.000,1.000,55.314,93.511,432.962,214.935,13.670,36.607,43.100,20.083,80.000,134.000,279.200,379.400,113.460,637.733,0.683,2.004
12.545,129.975,1.043,0.042,1.000,1.000,1.000,55.447,96.264,432.962,214.935,14.383,38.700,43.100,20.083,80.000,134.000,273.000,497.300,116.267,637.912,0.713,2.008
11.500,100.083,1.043,0.042,1.000,1.000,1.000,55.131,103.810,432.962,214.935,14.070,41.280,43.100,20.083,80.000,134.000,279.200,513.200,118.533,638.966,0.710,2.008
12.636,103.413,1.048,0.045,1.000,1.000,1.000,55.366,113.256,334.430,172.940,14.470,45.133,27.107,12.660,80.000,134.000,279.300,513.200,99.370,501.010,0.663,1.750
10.538,103.095,1.040,0.038,1.000,1.000,1.000,56.056,127.093,334.430,172.940,15.803,53.603,27.107,12.660,80.700,134.000,347.000,572.620,109.173,504.508,0.747,1.845
10.111,99.284,1.038,0.037,1.000,1.000,1.000,56.948,128.053,334.430,172.940,16.517,53.863,27.107,12.660,95.300,134.000,361.050,572.620,110.147,505.147,0.773,1.896
9.607,88.167,1.148,0.200,1.000,1.000,1.400,72.988,130.289,457.468,223.126,19.323,57.610,52.040,23.363,120.000,186.840,407.800,604.020,152.337,676.852,0.890,2.184
10.423,96.013,1.160,0.214,1.000,1.000,1.600,72.591,127.712,457.468,223.126,18.923,55.967,52.040,23.363,95.300,186.840,394.600,604.020,150.293,676.288,0.863,2.140
10.462,125.941,1.120,0.186,1.000,1.000,1.000,54.764,126.710,314.302,141.943,16.113,55.130,24.933,10.703,80.000,134.000,363.550,530.840,106.880,478.350,0.773,1.824
9.643,123.087,1.111,0.173,1.000,1.000,1.000,55.392,127.006,314.302,141.943,16.960,56.233,24.933,10.703,80.700,134.000,363.550,530.840,108.830,478.532,0.807,1.854
10.423,140.398,1.160,0.214,1.000,1.000,1.600,54.660,124.181,314.302,141.943,16.513,54.873,24.933,10.703,80.000,134.000,361.050,530.840,107.023,477.541,0.793,1.830
9.241,115.356,1.143,0.194,1.000,1.000,1.300,55.861,124.679,1232.987,1050.889,17.180,55.863,93.967,70.957,95.300,134.000,372.100,530.840,237.967,2280.005,1.083,4.732
8.867,102.316,1.133,0.182,1.000,1.000,1.100,56.027,118.082,1243.216,1051.519,17.493,52.560,103.490,73.313,120.000,135.600,361.500,532.480,246.857,2287.833,1.110,4.742
8.581,96.824,1.133,0.182,1.000,1.000,1.100,72.011,110.383,1263.190,1053.162,18.703,47.493,122.517,78.563,120.000,854.840,372.100,655.060,267.277,2311.046,1.097,4.768
10.423,109.629,1.160,0.214,1.000,1.000,1.600,71.464,94.733,1263.190,1053.162,17.637,40.833,122.517,78.563,94.000,854.840,336.300,531.580,259.550,2310.818,1.023,4.733
11.375,114.318,1.174,0.231,1.000,1.000,1.800,71.155,92.930,1263.190,1053.162,17.370,40.697,122.517,78.563,80.700,854.840,282.400,531.580,259.147,2310.710,1.007,4.719
10.920,94.874,1.125,0.109,1.000,1.000,1.700,54.587,92.580,1225.451,1044.249,15.363,41.237,97.583,67.860,80.000,134.000,276.050,373.280,222.043,2268.105,0.927,4.584
10.037,44.850,1.115,0.102,1.000,1.000,1.500,54.526,93.930,1225.451,1044.249,15.317,42.517,97.583,67.860,80.000,134.000,276.050,373.280,223.277,2268.094,0.937,4.588
10.462,57.633,1.120,0.106,1.000,1.000,1.600,54.569,95.826,1225.451,1044.249,15.850,45.283,97.583,67.860,80.000,134.000,276.050,373.280,226.577,2267.963,0.960,4.587
10.880,72.746,1.167,0.139,1.000,1.000,2.000,54.808,110.753,1225.451,1044.249,15.983,48.837,97.583,67.860,80.000,134.800,276.050,487.900,230.263,2268.458,0.970,4.591
10.462,69.095,1.120,0.106,1.000,1.000,1.600,55.663,112.030,1225.451,1044.249,16.830,50.207,97.583,67.860,80.000,174.000,277.500,487.900,232.480,2268.439,0.993,4.597
11.417,78.826,1.130,0.113,1.000,1.000,1.800,70.544,108.183,422.128,159.246,18.383,48.433,53.437,18.300,80.000,174.000,271.250,631.540,138.553,656.693,0.790,1.976
12.455,83.612,1.238,0.277,1.000,1.000,2.000,70.646,108.114,421.676,158.443,18.383,48.963,53.610,18.107,80.000,174.000,271.250,632.620,139.063,658.019,0.787,1.977
13.048,120.712,1.238,0.277,1.000,1.000,2.000,53.900,106.651,353.731,144.954,16.773,49.877,34.583,12.857,80.000,134.000,249.300,333.020,114.090,564.615,0.780,1.899
13.095,124.372,1.250,0.287,1.000,1.000,2.000,53.994,110.777,353.731,144.954,16.593,51.260,34.583,12.857,80.000,134.520,260.050,386.040,115.293,565.653,0.783,1.940
13.750,137.787,1.250,0.287,1.000,1.000,2.000,53.878,110.120,353.731,144.954,16.327,49.807,34.583,12.857,80.000,134.520,257.150,386.040,113.573,565.535,0.767,1.925
15.500,131.028,1.235,0.298,1.000,1.000,2.000,53.630,102.559,353.731,144.954,15.660,45.743,34.583,12.857,80.000,134.520,240.050,340.860,108.843,564.291,0.730,1.905
15.500,152.806,1.235,0.298,1.000,1.000,2.000,54.034,105.849,353.731,144.954,15.840,46.550,34.583,12.857,80.000,134.520,249.400,401.680,109.830,564.979,0.733,1.924
14.632,107.496,1.222,0.284,1.000,1.000,2.000,53.707,105.377,353.731,144.954,15.393,45.817,34.583,12.857,80.000,134.520,254.150,401.680,108.650,564.863,0.723,1.920
15.556,177.247,1.176,0.263,1.000,1.000,1.400,70.524,89.943,447.172,193.431,17.070,40.577,50.520,20.307,80.000,134.520,249.250,401.680,128.473,733.236,0.753,2.412
13.800,173.160,1.263,0.404,1.000,1.000,2.200,70.361,95.833,472.947,200.332,17.470,43.413,59.597,23.390,80.000,134.520,254.150,535.440,143.870,764.600,0.800,2.448
13.800,170.860,1.263,0.404,1.000,1.000,2.200,54.411,98.107,355.739,144.033,15.250,43.390,34.710,12.697,80.000,134.000,233.100,507.560,106.047,572.361,0.713,2.037
13.850,126.427,1.211,0.271,1.000,1.000,2.000,53.983,100.060,377.146,191.173,14.803,44.227,40.670,18.143,80.000,134.000,254.150,507.560,117.843,629.361,0.750,2.236
13.850,129.728,1.211,0.271,1.000,1.000,2.000,53.991,98.918,377.146,191.173,14.537,42.817,40.670,18.143,80.000,134.000,254.000,507.560,116.167,629.290,0.737,2.232
13.048,162.045,1.238,0.277,1.000,1.000,2.000,53.657,95.377,377.146,191.173,14.583,41.570,40.670,18.143,80.000,134.000,211.100,436.440,114.967,628.522,0.740,2.203
11.333,141.806,1.217,0.257,1.000,1.000,2.000,54.390,97.711,377.146,191.173,15.067,43.627,40.670,18.143,80.000,134.000,248.300,436.440,117.507,628.990,0.770,2.234
9.172,116.625,1.214,0.240,1.000,1.000,2.000,71.190,102.018,639.321,269.889,17.893,45.657,79.010,36.313,94.000,223.480,334.250,573.560,178.873,964.474,0.927,2.860
9.172,119.660,1.214,0.240,1.000,1.000,2.000,71.106,97.420,639.321,269.889,17.627,43.207,79.010,36.313,94.000,223.480,286.600,573.560,176.157,964.217,0.910,2.848
9.172,96.488,1.214,0.240,1.000,1.000,2.000,71.328,95.717,639.321,269.889,17.673,41.277,79.010,36.313,94.900,223.480,286.600,573.560,174.273,964.279,0.903,2.851
8.188,78.965,1.226,0.239,1.000,1.000,2.000,54.177,98.099,578.621,238.065,16.217,46.453,63.073,28.863,80.700,183.320,317.500,557.160,154.607,842.700,0.900,2.441
9.571,87.673,1.185,0.151,1.000,1.000,2.000,53.537,87.934,557.807,232.361,14.883,39.920,53.997,25.780,80.000,134.980,248.300,383.440,134.580,814.163,0.807,2.373
9.207,85.957,1.179,0.147,1.000,1.000,2.000,53.736,92.904,557.807,232.361,14.883,40.153,53.997,25.780,80.700,134.980,248.300,383.440,134.813,814.877,0.817,2.409
8.900,84.423,1.138,0.119,1.000,1.000,2.000,54.091,89.068,583.131,230.786,14.530,36.230,53.817,25.617,80.700,134.000,232.500,367.320,130.193,840.716,0.783,2.431
9.207,66.716,1.179,0.147,1.000,1.000,2.000,53.654,90.645,617.449,283.318,14.083,36.990,69.500,35.207,94.000,183.320,249.850,391.080,155.780,914.074,0.837,2.621
9.571,68.959,1.143,0.122,1.000,1.000,2.000,53.857,87.964,617.449,283.318,13.817,34.993,69.500,35.207,94.900,183.320,242.300,391.080,153.517,914.057,0.817,2.621
9.571,68.388,1.143,0.122,1.000,1.000,2.000,57.501,88.735,692.128,315.026,14.423,34.337,94.770,45.913,120.700,1450.040,285.350,994.240,189.443,1018.964,0.890,2.852
12.000,107.565,1.091,0.083,1.000,1.000,1.000,33.355,81.945,462.340,251.590,10.350,28.977,56.430,27.743,80.000,139.460,218.300,383.480,123.500,710.820,0.677,2.204
12.000,85.130,1.091,0.083,1.000,1.000,1.000,104.730,84.432,462.340,251.590,15.860,29.380,56.430,27.743,80.700,427.360,224.400,407.260,129.413,720.400,0.680,2.221
11.250,87.104,1.304,1.081,1.000,1.000,1.800,121.478,98.912,785.128,312.971,21.557,34.977,137.563,50.323,134.500,3843.280,329.600,1058.140,244.420,1089.534,0.923,2.821
10.958,105.790,1.609,1.890,1.000,1.000,3.600,121.761,111.890,1255.396,6413.357,20.803,33.997,324.710,562.820,3345.850,5674.640,937.200,2640.820,942.330,6982.386,1.897,9.640
11.478,115.119,1.636,1.959,1.000,1.000,3.800,121.947,111.515,1255.396,6413.357,20.617,32.770,324.710,562.820,3345.850,5674.640,937.200,2640.820,940.917,6982.562,1.873,9.641
12.045,109.589,1.667,2.032,1.000,1.000,4.000,121.818,103.677,1255.396,6413.357,20.083,30.620,324.710,562.820,3345.850,5674.640,937.200,2640.820,938.233,6982.753,1.840,9.633
12.667,129.460,1.700,2.110,1.000,1.000,4.100,122.153,107.979,1230.436,6412.709,20.483,32.490,309.233,555.373,2985.600,5674.640,776.150,2640.820,917.580,6974.337,1.800,9.590
12.091,137.901,1.619,2.045,1.000,1.000,4.000,122.368,106.985,1216.672,6411.381,20.663,31.153,293.550,545.783,2940.450,5674.640,707.200,2244.000,891.150,6968.013,1.737,9.549
14.158,169.291,1.722,2.312,1.000,1.000,4.300,122.154,110.167,1216.672,6411.381,20.217,31.783,293.550,545.783,2940.450,5674.640,707.200,2244.000,891.333,6968.030,1.717,9.545
17.000,164.000,1.867,2.649,1.000,1.000,4.600,120.195,105.028,1180.059,6410.736,18.593,28.050,268.280,535.077,2784.150,5674.640,652.150,1981.360,850.000,6957.609,1.587,9.483
18.133,242.382,1.867,2.649,1.000,1.000,4.600,120.267,104.329,1180.059,6410.736,18.773,27.357,268.280,535.077,2784.150,5674.640,652.150,1981.360,849.487,6957.658,1.587,9.483
21.000,484.462,1.929,2.781,1.000,1.000,4.700,84.324,103.491,1208.873,6411.362,15.497,26.770,284.377,542.350,2940.450,5706.140,657.450,2540.940,868.993,6970.424,1.630,9.559
21.462,479.941,1.750,1.688,1.000,1.000,3.800,56.963,88.447,1055.584,6410.376,9.400,19.773,214.247,523.023,135.200,5642.640,335.250,1979.420,766.443,6935.709,1.387,9.423
26.273,480.380,1.100,0.090,1.000,1.000,1.100,56.425,62.335,336.628,137.604,8.733,13.963,27.100,10.527,40.000,134.000,109.250,264.440,60.323,539.338,0.323,1.637
22.077,449.456,1.083,0.076,1.000,1.000,1.000,56.677,70.720,336.628,137.604,9.320,18.110,27.100,10.527,40.000,134.000,114.300,328.120,65.057,540.581,0.367,1.681
26.273,465.653,1.100,0.090,1.000,1.000,1.100,56.192,70.205,336.628,137.604,8.740,16.863,27.100,10.527,40.000,134.000,114.000,328.840,63.230,540.375,0.340,1.661
26.273,488.380,1.100,0.090,1.000,1.000,1.100,55.203,63.626,336.628,137.604,8.607,15.897,27.100,10.527,40.000,134.000,111.150,286.840,62.130,538.900,0.333,1.597
22.077,483.917,1.083,0.076,1.000,1.000,1.000,55.284,70.474,336.628,137.604,9.007,18.590,27.100,10.527,40.000,134.000,121.100,328.840,65.223,539.747,0.360,1.614
16.647,400.581,1.062,0.059,1.000,1.000,1.000,56.237,71.325,336.628,137.604,9.853,20.600,27.100,10.527,40.000,134.000,182.350,328.840,68.080,540.074,0.400,1.667
16.647,247.170,1.062,0.059,1.000,1.000,1.000,55.854,73.194,336.628,137.604,9.807,22.043,27.100,10.527,40.000,134.000,208.050,328.840,69.477,540.203,0.410,1.666
15.500,141.139,1.167,0.250,1.000,1.000,1.300,57.243,104.828,372.961,310.793,11.140,29.360,39.250,32.370,40.000,134.800,215.500,413.380,112.120,743.265,0.593,2.624
9.500,125.893,1.214,0.383,1.000,1.000,1.600,84.048,108.564,679.667,331.037,24.053,35.860,140.383,53.620,174.000,3797.080,530.300,827.460,253.917,1038.622,0.993,3.251
8.156,85.507,1.258,0.385,1.000,1.000,2.000,96.246,126.433,720.709,464.912,28.273,46.487,161.150,74.930,848.300,3797.080,580.800,850.220,310.840,1195.022,1.217,3.812
